status_id,screen_name,JTime,RID,RTime,text,favorite_count,retweet_count,PNo,Purl,Tweet,ID,OW,POS1,POS2,X4,X5,X6,X7,TERM,cc,wn,code,description,OWS,N1,N2,TERM2,POS12,POS22,NS,HF,word,WF,cs,csn,total,word1,total1,word2,total2
1552868915469905920,onquXG4PYw9MJc0,2022-07-29 13:09:35,1552867356879507456,2022-07-29T04:03:23Z,"☁️大きくなってきました☁️☁️
局地的な大雨☔️に注意しましょう⚠️
 #空ネット
 #イマソラ
 #積乱雲
 #夕立
 #矢吹町
 #シェア天
 #福の空
  #cloud
 #rain https://t.co/eI4hRIhYr1",0,2,Photo1,http://pbs.twimg.com/media/FYzkoIhaQAAi5L2.jpg,☁️大きくなってきました☁️☁️　局地的な大雨☔️に注意しましょう⚠️　　#空ネット　　#イマソラ　　#積乱雲　　#夕立　　#矢吹町　　#シェア天　　#福の空　　　#cloud　　#rain　,Row_001,大きく,形容詞,自立,*,*,形容詞・イ段,連用テ接続,大きい,1,4,,,大きく,大きく,なってきました,なる,名詞,一般,大きくなってきました,FALSE,大きく局地的,TRUE,4,1,2,大きく,2,局地的,2
1552868915469905920,onquXG4PYw9MJc0,2022-07-29 13:09:35,1552867356879507456,2022-07-29T04:03:23Z,"☁️大きくなってきました☁️☁️
局地的な大雨☔️に注意しましょう⚠️
 #空ネット
 #イマソラ
 #積乱雲
 #夕立
 #矢吹町
 #シェア天
 #福の空
  #cloud
 #rain https://t.co/eI4hRIhYr1",0,2,Photo1,http://pbs.twimg.com/media/FYzkoIhaQAAi5L2.jpg,☁️大きくなってきました☁️☁️　局地的な大雨☔️に注意しましょう⚠️　　#空ネット　　#イマソラ　　#積乱雲　　#夕立　　#矢吹町　　#シェア天　　#福の空　　　#cloud　　#rain　,Row_001,局地,名詞,一般,*,*,*,*,局地,1,15,,,局地,局地的,な,だ,名詞,一般,局地的な,FALSE,局地的大雨,TRUE,11,1,2,局地的,2,大雨,13
1552868915469905920,onquXG4PYw9MJc0,2022-07-29 13:09:35,1552867356879507456,2022-07-29T04:03:23Z,"☁️大きくなってきました☁️☁️
局地的な大雨☔️に注意しましょう⚠️
 #空ネット
 #イマソラ
 #積乱雲
 #夕立
 #矢吹町
 #シェア天
 #福の空
  #cloud
 #rain https://t.co/eI4hRIhYr1",0,2,Photo1,http://pbs.twimg.com/media/FYzkoIhaQAAi5L2.jpg,☁️大きくなってきました☁️☁️　局地的な大雨☔️に注意しましょう⚠️　　#空ネット　　#イマソラ　　#積乱雲　　#夕立　　#矢吹町　　#シェア天　　#福の空　　　#cloud　　#rain　,Row_001,大雨,名詞,一般,*,*,*,*,大雨,1,18,,,大雨,大雨,,<U+2614>,名詞,サ変接続,大雨NA,FALSE,大雨注意,TRUE,13,1,13,大雨,13,注意,3
1552868915469905920,onquXG4PYw9MJc0,2022-07-29 13:09:35,1552867356879507456,2022-07-29T04:03:23Z,"☁️大きくなってきました☁️☁️
局地的な大雨☔️に注意しましょう⚠️
 #空ネット
 #イマソラ
 #積乱雲
 #夕立
 #矢吹町
 #シェア天
 #福の空
  #cloud
 #rain https://t.co/eI4hRIhYr1",0,2,Photo1,http://pbs.twimg.com/media/FYzkoIhaQAAi5L2.jpg,☁️大きくなってきました☁️☁️　局地的な大雨☔️に注意しましょう⚠️　　#空ネット　　#イマソラ　　#積乱雲　　#夕立　　#矢吹町　　#シェア天　　#福の空　　　#cloud　　#rain　,Row_001,注意,名詞,サ変接続,*,*,*,*,注意,1,22,,,注意,注意,しましょう,する,名詞,一般,注意しましょう,FALSE,注意空ネット,TRUE,17,1,3,注意,3,空ネット,2
1552868915469905920,onquXG4PYw9MJc0,2022-07-29 13:09:35,1552867356879507456,2022-07-29T04:03:23Z,"☁️大きくなってきました☁️☁️
局地的な大雨☔️に注意しましょう⚠️
 #空ネット
 #イマソラ
 #積乱雲
 #夕立
 #矢吹町
 #シェア天
 #福の空
  #cloud
 #rain https://t.co/eI4hRIhYr1",0,2,Photo1,http://pbs.twimg.com/media/FYzkoIhaQAAi5L2.jpg,☁️大きくなってきました☁️☁️　局地的な大雨☔️に注意しましょう⚠️　　#空ネット　　#イマソラ　　#積乱雲　　#夕立　　#矢吹町　　#シェア天　　#福の空　　　#cloud　　#rain　,Row_001,空,名詞,一般,*,*,*,*,空,1,31,,,空,空ネット,　,　,名詞,固有名詞,空ネット　,TRUE,空ネットイマソラ,TRUE,24,1,2,空ネット,2,イマソラ,2
1552868915469905920,onquXG4PYw9MJc0,2022-07-29 13:09:35,1552867356879507456,2022-07-29T04:03:23Z,"☁️大きくなってきました☁️☁️
局地的な大雨☔️に注意しましょう⚠️
 #空ネット
 #イマソラ
 #積乱雲
 #夕立
 #矢吹町
 #シェア天
 #福の空
  #cloud
 #rain https://t.co/eI4hRIhYr1",0,2,Photo1,http://pbs.twimg.com/media/FYzkoIhaQAAi5L2.jpg,☁️大きくなってきました☁️☁️　局地的な大雨☔️に注意しましょう⚠️　　#空ネット　　#イマソラ　　#積乱雲　　#夕立　　#矢吹町　　#シェア天　　#福の空　　　#cloud　　#rain　,Row_001,イマソラ,名詞,固有名詞,組織,*,*,*,イマソラ,1,36,,,イマソラ,イマソラ,　,　,名詞,一般,イマソラ　,TRUE,イマソラ積乱雲,TRUE,28,1,2,イマソラ,2,積乱雲,2
1552868915469905920,onquXG4PYw9MJc0,2022-07-29 13:09:35,1552867356879507456,2022-07-29T04:03:23Z,"☁️大きくなってきました☁️☁️
局地的な大雨☔️に注意しましょう⚠️
 #空ネット
 #イマソラ
 #積乱雲
 #夕立
 #矢吹町
 #シェア天
 #福の空
  #cloud
 #rain https://t.co/eI4hRIhYr1",0,2,Photo1,http://pbs.twimg.com/media/FYzkoIhaQAAi5L2.jpg,☁️大きくなってきました☁️☁️　局地的な大雨☔️に注意しましょう⚠️　　#空ネット　　#イマソラ　　#積乱雲　　#夕立　　#矢吹町　　#シェア天　　#福の空　　　#cloud　　#rain　,Row_001,積乱雲,名詞,一般,*,*,*,*,積乱雲,1,40,,,積乱雲,積乱雲,　,　,名詞,一般,積乱雲　,TRUE,積乱雲夕立,TRUE,32,1,2,積乱雲,2,夕立,2
1552868915469905920,onquXG4PYw9MJc0,2022-07-29 13:09:35,1552867356879507456,2022-07-29T04:03:23Z,"☁️大きくなってきました☁️☁️
局地的な大雨☔️に注意しましょう⚠️
 #空ネット
 #イマソラ
 #積乱雲
 #夕立
 #矢吹町
 #シェア天
 #福の空
  #cloud
 #rain https://t.co/eI4hRIhYr1",0,2,Photo1,http://pbs.twimg.com/media/FYzkoIhaQAAi5L2.jpg,☁️大きくなってきました☁️☁️　局地的な大雨☔️に注意しましょう⚠️　　#空ネット　　#イマソラ　　#積乱雲　　#夕立　　#矢吹町　　#シェア天　　#福の空　　　#cloud　　#rain　,Row_001,夕立,名詞,一般,*,*,*,*,夕立,1,44,,,夕立,夕立,　,　,名詞,固有名詞,夕立　,TRUE,夕立矢吹町,TRUE,36,1,2,夕立,2,矢吹町,2
1552868915469905920,onquXG4PYw9MJc0,2022-07-29 13:09:35,1552867356879507456,2022-07-29T04:03:23Z,"☁️大きくなってきました☁️☁️
局地的な大雨☔️に注意しましょう⚠️
 #空ネット
 #イマソラ
 #積乱雲
 #夕立
 #矢吹町
 #シェア天
 #福の空
  #cloud
 #rain https://t.co/eI4hRIhYr1",0,2,Photo1,http://pbs.twimg.com/media/FYzkoIhaQAAi5L2.jpg,☁️大きくなってきました☁️☁️　局地的な大雨☔️に注意しましょう⚠️　　#空ネット　　#イマソラ　　#積乱雲　　#夕立　　#矢吹町　　#シェア天　　#福の空　　　#cloud　　#rain　,Row_001,矢吹,名詞,固有名詞,地域,一般,*,*,矢吹,1,48,,,矢吹,矢吹町,　,　,名詞,一般,矢吹町　,TRUE,矢吹町シェア天,TRUE,40,1,2,矢吹町,2,シェア天,2
1552868915469905920,onquXG4PYw9MJc0,2022-07-29 13:09:35,1552867356879507456,2022-07-29T04:03:23Z,"☁️大きくなってきました☁️☁️
局地的な大雨☔️に注意しましょう⚠️
 #空ネット
 #イマソラ
 #積乱雲
 #夕立
 #矢吹町
 #シェア天
 #福の空
  #cloud
 #rain https://t.co/eI4hRIhYr1",0,2,Photo1,http://pbs.twimg.com/media/FYzkoIhaQAAi5L2.jpg,☁️大きくなってきました☁️☁️　局地的な大雨☔️に注意しましょう⚠️　　#空ネット　　#イマソラ　　#積乱雲　　#夕立　　#矢吹町　　#シェア天　　#福の空　　　#cloud　　#rain　,Row_001,シェア,名詞,一般,*,*,*,*,シェア,1,53,,,シェア,シェア天,　,　,名詞,一般,シェア天　,TRUE,シェア天福の空,TRUE,44,1,2,シェア天,2,福の空,2
1552868915469905920,onquXG4PYw9MJc0,2022-07-29 13:09:35,1552867356879507456,2022-07-29T04:03:23Z,"☁️大きくなってきました☁️☁️
局地的な大雨☔️に注意しましょう⚠️
 #空ネット
 #イマソラ
 #積乱雲
 #夕立
 #矢吹町
 #シェア天
 #福の空
  #cloud
 #rain https://t.co/eI4hRIhYr1",0,2,Photo1,http://pbs.twimg.com/media/FYzkoIhaQAAi5L2.jpg,☁️大きくなってきました☁️☁️　局地的な大雨☔️に注意しましょう⚠️　　#空ネット　　#イマソラ　　#積乱雲　　#夕立　　#矢吹町　　#シェア天　　#福の空　　　#cloud　　#rain　,Row_001,福,名詞,一般,*,*,*,*,福,1,58,,,福,福の空,　,　,名詞,固有名詞,福の空　,TRUE,福の空cloud,TRUE,48,1,2,福の空,2,cloud,2
1552868915469905920,onquXG4PYw9MJc0,2022-07-29 13:09:35,1552867356879507456,2022-07-29T04:03:23Z,"☁️大きくなってきました☁️☁️
局地的な大雨☔️に注意しましょう⚠️
 #空ネット
 #イマソラ
 #積乱雲
 #夕立
 #矢吹町
 #シェア天
 #福の空
  #cloud
 #rain https://t.co/eI4hRIhYr1",0,2,Photo1,http://pbs.twimg.com/media/FYzkoIhaQAAi5L2.jpg,☁️大きくなってきました☁️☁️　局地的な大雨☔️に注意しましょう⚠️　　#空ネット　　#イマソラ　　#積乱雲　　#夕立　　#矢吹町　　#シェア天　　#福の空　　　#cloud　　#rain　,Row_001,cloud,名詞,固有名詞,組織,*,*,*,cloud,1,65,,,cloud,cloud,　,　,名詞,固有名詞,cloud　,TRUE,cloudrain,TRUE,53,1,2,cloud,2,rain,2
1552868915469905920,onquXG4PYw9MJc0,2022-07-29 13:09:35,1552867356879507456,2022-07-29T04:03:23Z,"☁️大きくなってきました☁️☁️
局地的な大雨☔️に注意しましょう⚠️
 #空ネット
 #イマソラ
 #積乱雲
 #夕立
 #矢吹町
 #シェア天
 #福の空
  #cloud
 #rain https://t.co/eI4hRIhYr1",0,2,Photo1,http://pbs.twimg.com/media/FYzkoIhaQAAi5L2.jpg,☁️大きくなってきました☁️☁️　局地的な大雨☔️に注意しましょう⚠️　　#空ネット　　#イマソラ　　#積乱雲　　#夕立　　#矢吹町　　#シェア天　　#福の空　　　#cloud　　#rain　,Row_001,rain,名詞,固有名詞,組織,*,*,*,rain,1,69,,,rain,rain,　,　,,,rain　,TRUE,rainNA,TRUE,57,1,2,rain,2,,
1552869076225212416,ouchi0611,2022-07-29 13:10:13,1552869076225212416,2022-07-29T04:10:13Z,台風5号　特徴と警戒ポイント　今夜は奄美地方にかなり接近　九州南部や四国も大雨に(https://t.co/n1lC8heOKi) https://t.co/AeZjxKcFMi https://t.co/Ob6UZcaw7P,0,0,Photo1,http://pbs.twimg.com/media/FYzmMI5UYAAr_ah.jpg,台風5号　特徴と警戒ポイント　今夜は奄美地方にかなり接近　九州南部や四国も大雨に()　　,Row_002,台風,名詞,一般,*,*,*,*,台風,2,2,,,台風,台風,5号,5,名詞,数,台風5号,FALSE,台風5号,TRUE,61,1,8,台風,8,5号,6
1552869076225212416,ouchi0611,2022-07-29 13:10:13,1552869076225212416,2022-07-29T04:10:13Z,台風5号　特徴と警戒ポイント　今夜は奄美地方にかなり接近　九州南部や四国も大雨に(https://t.co/n1lC8heOKi) https://t.co/AeZjxKcFMi https://t.co/Ob6UZcaw7P,0,0,Photo1,http://pbs.twimg.com/media/FYzmMI5UYAAr_ah.jpg,台風5号　特徴と警戒ポイント　今夜は奄美地方にかなり接近　九州南部や四国も大雨に()　　,Row_002,5,名詞,数,*,*,*,*,5,2,3,,,5,5号,　,　,名詞,一般,5号　,FALSE,5号特徴,TRUE,62,1,6,5号,6,特徴,3
1552869076225212416,ouchi0611,2022-07-29 13:10:13,1552869076225212416,2022-07-29T04:10:13Z,台風5号　特徴と警戒ポイント　今夜は奄美地方にかなり接近　九州南部や四国も大雨に(https://t.co/n1lC8heOKi) https://t.co/AeZjxKcFMi https://t.co/Ob6UZcaw7P,0,0,Photo1,http://pbs.twimg.com/media/FYzmMI5UYAAr_ah.jpg,台風5号　特徴と警戒ポイント　今夜は奄美地方にかなり接近　九州南部や四国も大雨に()　　,Row_002,特徴,名詞,一般,*,*,*,*,特徴,2,6,,,特徴,特徴,と,と,名詞,サ変接続,特徴と,FALSE,特徴警戒,TRUE,64,1,3,特徴,3,警戒,4
1552869076225212416,ouchi0611,2022-07-29 13:10:13,1552869076225212416,2022-07-29T04:10:13Z,台風5号　特徴と警戒ポイント　今夜は奄美地方にかなり接近　九州南部や四国も大雨に(https://t.co/n1lC8heOKi) https://t.co/AeZjxKcFMi https://t.co/Ob6UZcaw7P,0,0,Photo1,http://pbs.twimg.com/media/FYzmMI5UYAAr_ah.jpg,台風5号　特徴と警戒ポイント　今夜は奄美地方にかなり接近　九州南部や四国も大雨に()　　,Row_002,警戒,名詞,サ変接続,*,*,*,*,警戒,2,8,,,警戒,警戒,ポイント,ポイント,名詞,一般,警戒ポイント,FALSE,警戒ポイント,TRUE,66,1,4,警戒,4,ポイント,3
1552869076225212416,ouchi0611,2022-07-29 13:10:13,1552869076225212416,2022-07-29T04:10:13Z,台風5号　特徴と警戒ポイント　今夜は奄美地方にかなり接近　九州南部や四国も大雨に(https://t.co/n1lC8heOKi) https://t.co/AeZjxKcFMi https://t.co/Ob6UZcaw7P,0,0,Photo1,http://pbs.twimg.com/media/FYzmMI5UYAAr_ah.jpg,台風5号　特徴と警戒ポイント　今夜は奄美地方にかなり接近　九州南部や四国も大雨に()　　,Row_002,ポイント,名詞,一般,*,*,*,*,ポイント,2,9,,,ポイント,ポイント,　,　,名詞,副詞可能,ポイント　,FALSE,ポイント今夜,TRUE,67,1,3,ポイント,3,今夜,4
1552869076225212416,ouchi0611,2022-07-29 13:10:13,1552869076225212416,2022-07-29T04:10:13Z,台風5号　特徴と警戒ポイント　今夜は奄美地方にかなり接近　九州南部や四国も大雨に(https://t.co/n1lC8heOKi) https://t.co/AeZjxKcFMi https://t.co/Ob6UZcaw7P,0,0,Photo1,http://pbs.twimg.com/media/FYzmMI5UYAAr_ah.jpg,台風5号　特徴と警戒ポイント　今夜は奄美地方にかなり接近　九州南部や四国も大雨に()　　,Row_002,今夜,名詞,副詞可能,*,*,*,*,今夜,2,11,,,今夜,今夜,は,は,名詞,固有名詞,今夜は,FALSE,今夜奄美,TRUE,69,1,4,今夜,4,奄美,5
1552869076225212416,ouchi0611,2022-07-29 13:10:13,1552869076225212416,2022-07-29T04:10:13Z,台風5号　特徴と警戒ポイント　今夜は奄美地方にかなり接近　九州南部や四国も大雨に(https://t.co/n1lC8heOKi) https://t.co/AeZjxKcFMi https://t.co/Ob6UZcaw7P,0,0,Photo1,http://pbs.twimg.com/media/FYzmMI5UYAAr_ah.jpg,台風5号　特徴と警戒ポイント　今夜は奄美地方にかなり接近　九州南部や四国も大雨に()　　,Row_002,奄美,名詞,固有名詞,地域,一般,*,*,奄美,2,13,,,奄美,奄美,地方,地方,名詞,一般,奄美地方,FALSE,奄美地方,TRUE,71,1,5,奄美,5,地方,5
1552869076225212416,ouchi0611,2022-07-29 13:10:13,1552869076225212416,2022-07-29T04:10:13Z,台風5号　特徴と警戒ポイント　今夜は奄美地方にかなり接近　九州南部や四国も大雨に(https://t.co/n1lC8heOKi) https://t.co/AeZjxKcFMi https://t.co/Ob6UZcaw7P,0,0,Photo1,http://pbs.twimg.com/media/FYzmMI5UYAAr_ah.jpg,台風5号　特徴と警戒ポイント　今夜は奄美地方にかなり接近　九州南部や四国も大雨に()　　,Row_002,地方,名詞,一般,*,*,*,*,地方,2,14,,,地方,地方,に,に,名詞,サ変接続,地方に,FALSE,地方接近,TRUE,72,1,5,地方,5,接近,6
1552869076225212416,ouchi0611,2022-07-29 13:10:13,1552869076225212416,2022-07-29T04:10:13Z,台風5号　特徴と警戒ポイント　今夜は奄美地方にかなり接近　九州南部や四国も大雨に(https://t.co/n1lC8heOKi) https://t.co/AeZjxKcFMi https://t.co/Ob6UZcaw7P,0,0,Photo1,http://pbs.twimg.com/media/FYzmMI5UYAAr_ah.jpg,台風5号　特徴と警戒ポイント　今夜は奄美地方にかなり接近　九州南部や四国も大雨に()　　,Row_002,接近,名詞,サ変接続,*,*,*,*,接近,2,17,,,接近,接近,　,　,名詞,固有名詞,接近　,FALSE,接近九州,TRUE,75,1,6,接近,6,九州,5
1552869076225212416,ouchi0611,2022-07-29 13:10:13,1552869076225212416,2022-07-29T04:10:13Z,台風5号　特徴と警戒ポイント　今夜は奄美地方にかなり接近　九州南部や四国も大雨に(https://t.co/n1lC8heOKi) https://t.co/AeZjxKcFMi https://t.co/Ob6UZcaw7P,0,0,Photo1,http://pbs.twimg.com/media/FYzmMI5UYAAr_ah.jpg,台風5号　特徴と警戒ポイント　今夜は奄美地方にかなり接近　九州南部や四国も大雨に()　　,Row_002,九州,名詞,固有名詞,地域,一般,*,*,九州,2,19,,,九州,九州,南部,南部,名詞,一般,九州南部,FALSE,九州南部,TRUE,77,1,5,九州,5,南部,4
1552869076225212416,ouchi0611,2022-07-29 13:10:13,1552869076225212416,2022-07-29T04:10:13Z,台風5号　特徴と警戒ポイント　今夜は奄美地方にかなり接近　九州南部や四国も大雨に(https://t.co/n1lC8heOKi) https://t.co/AeZjxKcFMi https://t.co/Ob6UZcaw7P,0,0,Photo1,http://pbs.twimg.com/media/FYzmMI5UYAAr_ah.jpg,台風5号　特徴と警戒ポイント　今夜は奄美地方にかなり接近　九州南部や四国も大雨に()　　,Row_002,南部,名詞,一般,*,*,*,*,南部,2,20,,,南部,南部,や,や,名詞,固有名詞,南部や,FALSE,南部四国,TRUE,78,1,4,南部,4,四国,4
1552869076225212416,ouchi0611,2022-07-29 13:10:13,1552869076225212416,2022-07-29T04:10:13Z,台風5号　特徴と警戒ポイント　今夜は奄美地方にかなり接近　九州南部や四国も大雨に(https://t.co/n1lC8heOKi) https://t.co/AeZjxKcFMi https://t.co/Ob6UZcaw7P,0,0,Photo1,http://pbs.twimg.com/media/FYzmMI5UYAAr_ah.jpg,台風5号　特徴と警戒ポイント　今夜は奄美地方にかなり接近　九州南部や四国も大雨に()　　,Row_002,四国,名詞,固有名詞,地域,一般,*,*,四国,2,22,,,四国,四国,も,も,名詞,一般,四国も,FALSE,四国大雨,TRUE,80,1,4,四国,4,大雨,13
1552869076225212416,ouchi0611,2022-07-29 13:10:13,1552869076225212416,2022-07-29T04:10:13Z,台風5号　特徴と警戒ポイント　今夜は奄美地方にかなり接近　九州南部や四国も大雨に(https://t.co/n1lC8heOKi) https://t.co/AeZjxKcFMi https://t.co/Ob6UZcaw7P,0,0,Photo1,http://pbs.twimg.com/media/FYzmMI5UYAAr_ah.jpg,台風5号　特徴と警戒ポイント　今夜は奄美地方にかなり接近　九州南部や四国も大雨に()　　,Row_002,大雨,名詞,一般,*,*,*,*,大雨,2,24,,,大雨,大雨,に,に,,,大雨に,FALSE,大雨NA,TRUE,82,1,13,大雨,13,,
1552869897838927873,yuresearcherbot,2022-07-29 13:13:29,1552869897838927873,2022-07-29T04:13:29Z,"地元の宮城県を災害に弱いままにしておきながら、国から大金をもらってのうのうとしている東北大学は、冗談ですか？

#仙台 #大雨 #台風
https://t.co/hYzSDMETH5",0,0,Photo1,http://pbs.twimg.com/media/FYZA0AyaQAImqWC.jpg,地元の宮城県を災害に弱いままにしておきながら、国から大金をもらってのうのうとしている東北大学は、冗談ですか?　　#仙台　#大雨　#台風　,Row_003,地元,名詞,一般,*,*,*,*,地元,3,2,,,地元,地元,の,の,名詞,固有名詞,地元の,FALSE,地元宮城県,TRUE,90,1,1,地元,1,宮城県,1
1552869897838927873,yuresearcherbot,2022-07-29 13:13:29,1552869897838927873,2022-07-29T04:13:29Z,"地元の宮城県を災害に弱いままにしておきながら、国から大金をもらってのうのうとしている東北大学は、冗談ですか？

#仙台 #大雨 #台風
https://t.co/hYzSDMETH5",0,0,Photo1,http://pbs.twimg.com/media/FYZA0AyaQAImqWC.jpg,地元の宮城県を災害に弱いままにしておきながら、国から大金をもらってのうのうとしている東北大学は、冗談ですか?　　#仙台　#大雨　#台風　,Row_003,宮城,名詞,固有名詞,地域,一般,*,*,宮城,3,4,,,宮城,宮城県,を,を,名詞,一般,宮城県を,FALSE,宮城県災害,TRUE,92,1,1,宮城県,1,災害,2
1552869897838927873,yuresearcherbot,2022-07-29 13:13:29,1552869897838927873,2022-07-29T04:13:29Z,"地元の宮城県を災害に弱いままにしておきながら、国から大金をもらってのうのうとしている東北大学は、冗談ですか？

#仙台 #大雨 #台風
https://t.co/hYzSDMETH5",0,0,Photo1,http://pbs.twimg.com/media/FYZA0AyaQAImqWC.jpg,地元の宮城県を災害に弱いままにしておきながら、国から大金をもらってのうのうとしている東北大学は、冗談ですか?　　#仙台　#大雨　#台風　,Row_003,災害,名詞,一般,*,*,*,*,災害,3,7,,,災害,災害,に,に,形容詞,自立,災害に,FALSE,災害弱い,TRUE,94,1,2,災害,2,弱い,1
1552869897838927873,yuresearcherbot,2022-07-29 13:13:29,1552869897838927873,2022-07-29T04:13:29Z,"地元の宮城県を災害に弱いままにしておきながら、国から大金をもらってのうのうとしている東北大学は、冗談ですか？

#仙台 #大雨 #台風
https://t.co/hYzSDMETH5",0,0,Photo1,http://pbs.twimg.com/media/FYZA0AyaQAImqWC.jpg,地元の宮城県を災害に弱いままにしておきながら、国から大金をもらってのうのうとしている東北大学は、冗談ですか?　　#仙台　#大雨　#台風　,Row_003,弱い,形容詞,自立,*,*,形容詞・アウオ段,基本形,弱い,3,9,,,弱い,弱い,まま,まま,名詞,一般,弱いまま,FALSE,弱い国,TRUE,96,1,1,弱い,1,国,1
1552869897838927873,yuresearcherbot,2022-07-29 13:13:29,1552869897838927873,2022-07-29T04:13:29Z,"地元の宮城県を災害に弱いままにしておきながら、国から大金をもらってのうのうとしている東北大学は、冗談ですか？

#仙台 #大雨 #台風
https://t.co/hYzSDMETH5",0,0,Photo1,http://pbs.twimg.com/media/FYZA0AyaQAImqWC.jpg,地元の宮城県を災害に弱いままにしておきながら、国から大金をもらってのうのうとしている東北大学は、冗談ですか?　　#仙台　#大雨　#台風　,Row_003,国,名詞,一般,*,*,*,*,国,3,17,,,国,国,から,から,名詞,一般,国から,FALSE,国大金,TRUE,101,1,1,国,1,大金,1
1552869897838927873,yuresearcherbot,2022-07-29 13:13:29,1552869897838927873,2022-07-29T04:13:29Z,"地元の宮城県を災害に弱いままにしておきながら、国から大金をもらってのうのうとしている東北大学は、冗談ですか？

#仙台 #大雨 #台風
https://t.co/hYzSDMETH5",0,0,Photo1,http://pbs.twimg.com/media/FYZA0AyaQAImqWC.jpg,地元の宮城県を災害に弱いままにしておきながら、国から大金をもらってのうのうとしている東北大学は、冗談ですか?　　#仙台　#大雨　#台風　,Row_003,大金,名詞,一般,*,*,*,*,大金,3,19,,,大金,大金,を,を,名詞,固有名詞,大金を,FALSE,大金東北大学,TRUE,103,1,1,大金,1,東北大学,1
1552869897838927873,yuresearcherbot,2022-07-29 13:13:29,1552869897838927873,2022-07-29T04:13:29Z,"地元の宮城県を災害に弱いままにしておきながら、国から大金をもらってのうのうとしている東北大学は、冗談ですか？

#仙台 #大雨 #台風
https://t.co/hYzSDMETH5",0,0,Photo1,http://pbs.twimg.com/media/FYZA0AyaQAImqWC.jpg,地元の宮城県を災害に弱いままにしておきながら、国から大金をもらってのうのうとしている東北大学は、冗談ですか?　　#仙台　#大雨　#台風　,Row_003,東北大学,名詞,固有名詞,組織,*,*,*,東北大学,3,28,,,東北大学,東北大学,は,は,名詞,一般,東北大学は,FALSE,東北大学冗談,TRUE,109,1,1,東北大学,1,冗談,1
1552869897838927873,yuresearcherbot,2022-07-29 13:13:29,1552869897838927873,2022-07-29T04:13:29Z,"地元の宮城県を災害に弱いままにしておきながら、国から大金をもらってのうのうとしている東北大学は、冗談ですか？

#仙台 #大雨 #台風
https://t.co/hYzSDMETH5",0,0,Photo1,http://pbs.twimg.com/media/FYZA0AyaQAImqWC.jpg,地元の宮城県を災害に弱いままにしておきながら、国から大金をもらってのうのうとしている東北大学は、冗談ですか?　　#仙台　#大雨　#台風　,Row_003,冗談,名詞,一般,*,*,*,*,冗談,3,31,,,冗談,冗談,です,です,名詞,固有名詞,冗談です,FALSE,冗談仙台,TRUE,112,1,1,冗談,1,仙台,1
1552869897838927873,yuresearcherbot,2022-07-29 13:13:29,1552869897838927873,2022-07-29T04:13:29Z,"地元の宮城県を災害に弱いままにしておきながら、国から大金をもらってのうのうとしている東北大学は、冗談ですか？

#仙台 #大雨 #台風
https://t.co/hYzSDMETH5",0,0,Photo1,http://pbs.twimg.com/media/FYZA0AyaQAImqWC.jpg,地元の宮城県を災害に弱いままにしておきながら、国から大金をもらってのうのうとしている東北大学は、冗談ですか?　　#仙台　#大雨　#台風　,Row_003,仙台,名詞,固有名詞,地域,一般,*,*,仙台,3,38,,,仙台,仙台,　,　,名詞,一般,仙台　,TRUE,仙台大雨,TRUE,119,1,1,仙台,1,大雨,13
1552869897838927873,yuresearcherbot,2022-07-29 13:13:29,1552869897838927873,2022-07-29T04:13:29Z,"地元の宮城県を災害に弱いままにしておきながら、国から大金をもらってのうのうとしている東北大学は、冗談ですか？

#仙台 #大雨 #台風
https://t.co/hYzSDMETH5",0,0,Photo1,http://pbs.twimg.com/media/FYZA0AyaQAImqWC.jpg,地元の宮城県を災害に弱いままにしておきながら、国から大金をもらってのうのうとしている東北大学は、冗談ですか?　　#仙台　#大雨　#台風　,Row_003,大雨,名詞,一般,*,*,*,*,大雨,3,41,,,大雨,大雨,　,　,名詞,一般,大雨　,TRUE,大雨台風,TRUE,122,1,13,大雨,13,台風,8
1552869897838927873,yuresearcherbot,2022-07-29 13:13:29,1552869897838927873,2022-07-29T04:13:29Z,"地元の宮城県を災害に弱いままにしておきながら、国から大金をもらってのうのうとしている東北大学は、冗談ですか？

#仙台 #大雨 #台風
https://t.co/hYzSDMETH5",0,0,Photo1,http://pbs.twimg.com/media/FYZA0AyaQAImqWC.jpg,地元の宮城県を災害に弱いままにしておきながら、国から大金をもらってのうのうとしている東北大学は、冗談ですか?　　#仙台　#大雨　#台風　,Row_003,台風,名詞,一般,*,*,*,*,台風,3,44,,,台風,台風,　,　,,,台風　,TRUE,台風NA,TRUE,125,1,8,台風,8,,
1552872195440852993,RKC_Kochieye2,2022-07-29 13:22:37,1552872195440852993,2022-07-29T04:22:37Z,"７月２９日（金）午後６時１５分～

▽新型コロナ最新情報
▽対策本部会議　県の対応は
▽台風５号接近に伴いあす大雨
▽近距離移動モビリティ「WHILL」お披露目

▼＃東京ウォッチ
銀座の名店でフレンチとして生まれ変わった県産アユにスポットをあてる。 https://t.co/q5sbQRg6Z3",0,0,Photo1,http://pbs.twimg.com/media/FYzo_YVVQAEugNP.jpg,7月29日(金)午後6時15分~　　▽新型コロナ最新情報　▽対策本部会議　県の対応は　▽台風5号接近に伴いあす大雨　▽近距離移動モビリティ「WHILL」お披露目　　▼#東京ウォッチ　銀座の名店でフレンチとして生まれ変わった県産アユにスポットをあてる。　,Row_004,7,名詞,数,*,*,*,*,7,4,2,,,7,7月29日,(,(,名詞,固有名詞,7月29日(,FALSE,7月29日金,TRUE,129,1,1,7月29日,1,金,1
1552872195440852993,RKC_Kochieye2,2022-07-29 13:22:37,1552872195440852993,2022-07-29T04:22:37Z,"７月２９日（金）午後６時１５分～

▽新型コロナ最新情報
▽対策本部会議　県の対応は
▽台風５号接近に伴いあす大雨
▽近距離移動モビリティ「WHILL」お披露目

▼＃東京ウォッチ
銀座の名店でフレンチとして生まれ変わった県産アユにスポットをあてる。 https://t.co/q5sbQRg6Z3",0,0,Photo1,http://pbs.twimg.com/media/FYzo_YVVQAEugNP.jpg,7月29日(金)午後6時15分~　　▽新型コロナ最新情報　▽対策本部会議　県の対応は　▽台風5号接近に伴いあす大雨　▽近距離移動モビリティ「WHILL」お披露目　　▼#東京ウォッチ　銀座の名店でフレンチとして生まれ変わった県産アユにスポットをあてる。　,Row_004,金,名詞,固有名詞,人名,姓,*,*,金,4,7,,,金,金,),),名詞,副詞可能,金),FALSE,金午後,TRUE,131,1,1,金,1,午後,1
1552872195440852993,RKC_Kochieye2,2022-07-29 13:22:37,1552872195440852993,2022-07-29T04:22:37Z,"７月２９日（金）午後６時１５分～

▽新型コロナ最新情報
▽対策本部会議　県の対応は
▽台風５号接近に伴いあす大雨
▽近距離移動モビリティ「WHILL」お披露目

▼＃東京ウォッチ
銀座の名店でフレンチとして生まれ変わった県産アユにスポットをあてる。 https://t.co/q5sbQRg6Z3",0,0,Photo1,http://pbs.twimg.com/media/FYzo_YVVQAEugNP.jpg,7月29日(金)午後6時15分~　　▽新型コロナ最新情報　▽対策本部会議　県の対応は　▽台風5号接近に伴いあす大雨　▽近距離移動モビリティ「WHILL」お披露目　　▼#東京ウォッチ　銀座の名店でフレンチとして生まれ変わった県産アユにスポットをあてる。　,Row_004,午後,名詞,副詞可能,*,*,*,*,午後,4,9,,,午後,午後,6時15分,6,名詞,数,午後6時15分,FALSE,午後6時15分,TRUE,133,1,1,午後,1,6時15分,1
1552872195440852993,RKC_Kochieye2,2022-07-29 13:22:37,1552872195440852993,2022-07-29T04:22:37Z,"７月２９日（金）午後６時１５分～

▽新型コロナ最新情報
▽対策本部会議　県の対応は
▽台風５号接近に伴いあす大雨
▽近距離移動モビリティ「WHILL」お披露目

▼＃東京ウォッチ
銀座の名店でフレンチとして生まれ変わった県産アユにスポットをあてる。 https://t.co/q5sbQRg6Z3",0,0,Photo1,http://pbs.twimg.com/media/FYzo_YVVQAEugNP.jpg,7月29日(金)午後6時15分~　　▽新型コロナ最新情報　▽対策本部会議　県の対応は　▽台風5号接近に伴いあす大雨　▽近距離移動モビリティ「WHILL」お披露目　　▼#東京ウォッチ　銀座の名店でフレンチとして生まれ変わった県産アユにスポットをあてる。　,Row_004,6,名詞,数,*,*,*,*,6,4,10,,,6,6時15分,~,~,名詞,一般,6時15分~,FALSE,6時15分新型,TRUE,134,1,1,6時15分,1,新型,1
1552872195440852993,RKC_Kochieye2,2022-07-29 13:22:37,1552872195440852993,2022-07-29T04:22:37Z,"７月２９日（金）午後６時１５分～

▽新型コロナ最新情報
▽対策本部会議　県の対応は
▽台風５号接近に伴いあす大雨
▽近距離移動モビリティ「WHILL」お披露目

▼＃東京ウォッチ
銀座の名店でフレンチとして生まれ変わった県産アユにスポットをあてる。 https://t.co/q5sbQRg6Z3",0,0,Photo1,http://pbs.twimg.com/media/FYzo_YVVQAEugNP.jpg,7月29日(金)午後6時15分~　　▽新型コロナ最新情報　▽対策本部会議　県の対応は　▽台風5号接近に伴いあす大雨　▽近距離移動モビリティ「WHILL」お披露目　　▼#東京ウォッチ　銀座の名店でフレンチとして生まれ変わった県産アユにスポットをあてる。　,Row_004,新型,名詞,一般,*,*,*,*,新型,4,18,,,新型,新型,コロナ,コロナ,名詞,一般,新型コロナ,FALSE,新型コロナ,TRUE,139,1,1,新型,1,コロナ,1
1552872195440852993,RKC_Kochieye2,2022-07-29 13:22:37,1552872195440852993,2022-07-29T04:22:37Z,"７月２９日（金）午後６時１５分～

▽新型コロナ最新情報
▽対策本部会議　県の対応は
▽台風５号接近に伴いあす大雨
▽近距離移動モビリティ「WHILL」お披露目

▼＃東京ウォッチ
銀座の名店でフレンチとして生まれ変わった県産アユにスポットをあてる。 https://t.co/q5sbQRg6Z3",0,0,Photo1,http://pbs.twimg.com/media/FYzo_YVVQAEugNP.jpg,7月29日(金)午後6時15分~　　▽新型コロナ最新情報　▽対策本部会議　県の対応は　▽台風5号接近に伴いあす大雨　▽近距離移動モビリティ「WHILL」お披露目　　▼#東京ウォッチ　銀座の名店でフレンチとして生まれ変わった県産アユにスポットをあてる。　,Row_004,コロナ,名詞,一般,*,*,*,*,コロナ,4,19,,,コロナ,コロナ,最新,最新,名詞,一般,コロナ最新,FALSE,コロナ最新,TRUE,140,1,1,コロナ,1,最新,1
1552872195440852993,RKC_Kochieye2,2022-07-29 13:22:37,1552872195440852993,2022-07-29T04:22:37Z,"７月２９日（金）午後６時１５分～

▽新型コロナ最新情報
▽対策本部会議　県の対応は
▽台風５号接近に伴いあす大雨
▽近距離移動モビリティ「WHILL」お披露目

▼＃東京ウォッチ
銀座の名店でフレンチとして生まれ変わった県産アユにスポットをあてる。 https://t.co/q5sbQRg6Z3",0,0,Photo1,http://pbs.twimg.com/media/FYzo_YVVQAEugNP.jpg,7月29日(金)午後6時15分~　　▽新型コロナ最新情報　▽対策本部会議　県の対応は　▽台風5号接近に伴いあす大雨　▽近距離移動モビリティ「WHILL」お披露目　　▼#東京ウォッチ　銀座の名店でフレンチとして生まれ変わった県産アユにスポットをあてる。　,Row_004,最新,名詞,一般,*,*,*,*,最新,4,20,,,最新,最新,情報,情報,名詞,一般,最新情報,FALSE,最新情報,TRUE,141,1,1,最新,1,情報,1
1552872195440852993,RKC_Kochieye2,2022-07-29 13:22:37,1552872195440852993,2022-07-29T04:22:37Z,"７月２９日（金）午後６時１５分～

▽新型コロナ最新情報
▽対策本部会議　県の対応は
▽台風５号接近に伴いあす大雨
▽近距離移動モビリティ「WHILL」お披露目

▼＃東京ウォッチ
銀座の名店でフレンチとして生まれ変わった県産アユにスポットをあてる。 https://t.co/q5sbQRg6Z3",0,0,Photo1,http://pbs.twimg.com/media/FYzo_YVVQAEugNP.jpg,7月29日(金)午後6時15分~　　▽新型コロナ最新情報　▽対策本部会議　県の対応は　▽台風5号接近に伴いあす大雨　▽近距離移動モビリティ「WHILL」お披露目　　▼#東京ウォッチ　銀座の名店でフレンチとして生まれ変わった県産アユにスポットをあてる。　,Row_004,情報,名詞,一般,*,*,*,*,情報,4,21,,,情報,情報,　,　,名詞,サ変接続,情報　,FALSE,情報対策,TRUE,142,1,1,情報,1,対策,1
1552872195440852993,RKC_Kochieye2,2022-07-29 13:22:37,1552872195440852993,2022-07-29T04:22:37Z,"７月２９日（金）午後６時１５分～

▽新型コロナ最新情報
▽対策本部会議　県の対応は
▽台風５号接近に伴いあす大雨
▽近距離移動モビリティ「WHILL」お披露目

▼＃東京ウォッチ
銀座の名店でフレンチとして生まれ変わった県産アユにスポットをあてる。 https://t.co/q5sbQRg6Z3",0,0,Photo1,http://pbs.twimg.com/media/FYzo_YVVQAEugNP.jpg,7月29日(金)午後6時15分~　　▽新型コロナ最新情報　▽対策本部会議　県の対応は　▽台風5号接近に伴いあす大雨　▽近距離移動モビリティ「WHILL」お披露目　　▼#東京ウォッチ　銀座の名店でフレンチとして生まれ変わった県産アユにスポットをあてる。　,Row_004,対策,名詞,サ変接続,*,*,*,*,対策,4,24,,,対策,対策,本部,本部,名詞,一般,対策本部,FALSE,対策本部,TRUE,145,1,1,対策,1,本部,1
1552872195440852993,RKC_Kochieye2,2022-07-29 13:22:37,1552872195440852993,2022-07-29T04:22:37Z,"７月２９日（金）午後６時１５分～

▽新型コロナ最新情報
▽対策本部会議　県の対応は
▽台風５号接近に伴いあす大雨
▽近距離移動モビリティ「WHILL」お披露目

▼＃東京ウォッチ
銀座の名店でフレンチとして生まれ変わった県産アユにスポットをあてる。 https://t.co/q5sbQRg6Z3",0,0,Photo1,http://pbs.twimg.com/media/FYzo_YVVQAEugNP.jpg,7月29日(金)午後6時15分~　　▽新型コロナ最新情報　▽対策本部会議　県の対応は　▽台風5号接近に伴いあす大雨　▽近距離移動モビリティ「WHILL」お披露目　　▼#東京ウォッチ　銀座の名店でフレンチとして生まれ変わった県産アユにスポットをあてる。　,Row_004,本部,名詞,一般,*,*,*,*,本部,4,25,,,本部,本部,会議,会議,名詞,サ変接続,本部会議,FALSE,本部会議,TRUE,146,1,1,本部,1,会議,1
1552872195440852993,RKC_Kochieye2,2022-07-29 13:22:37,1552872195440852993,2022-07-29T04:22:37Z,"７月２９日（金）午後６時１５分～

▽新型コロナ最新情報
▽対策本部会議　県の対応は
▽台風５号接近に伴いあす大雨
▽近距離移動モビリティ「WHILL」お披露目

▼＃東京ウォッチ
銀座の名店でフレンチとして生まれ変わった県産アユにスポットをあてる。 https://t.co/q5sbQRg6Z3",0,0,Photo1,http://pbs.twimg.com/media/FYzo_YVVQAEugNP.jpg,7月29日(金)午後6時15分~　　▽新型コロナ最新情報　▽対策本部会議　県の対応は　▽台風5号接近に伴いあす大雨　▽近距離移動モビリティ「WHILL」お披露目　　▼#東京ウォッチ　銀座の名店でフレンチとして生まれ変わった県産アユにスポットをあてる。　,Row_004,会議,名詞,サ変接続,*,*,*,*,会議,4,26,,,会議,会議,　,　,名詞,一般,会議　,FALSE,会議県,TRUE,147,1,1,会議,1,県,1
1552872195440852993,RKC_Kochieye2,2022-07-29 13:22:37,1552872195440852993,2022-07-29T04:22:37Z,"７月２９日（金）午後６時１５分～

▽新型コロナ最新情報
▽対策本部会議　県の対応は
▽台風５号接近に伴いあす大雨
▽近距離移動モビリティ「WHILL」お披露目

▼＃東京ウォッチ
銀座の名店でフレンチとして生まれ変わった県産アユにスポットをあてる。 https://t.co/q5sbQRg6Z3",0,0,Photo1,http://pbs.twimg.com/media/FYzo_YVVQAEugNP.jpg,7月29日(金)午後6時15分~　　▽新型コロナ最新情報　▽対策本部会議　県の対応は　▽台風5号接近に伴いあす大雨　▽近距離移動モビリティ「WHILL」お披露目　　▼#東京ウォッチ　銀座の名店でフレンチとして生まれ変わった県産アユにスポットをあてる。　,Row_004,県,名詞,一般,*,*,*,*,県,4,28,,,県,県,の,の,名詞,サ変接続,県の,FALSE,県対応,TRUE,149,1,1,県,1,対応,1
1552872195440852993,RKC_Kochieye2,2022-07-29 13:22:37,1552872195440852993,2022-07-29T04:22:37Z,"７月２９日（金）午後６時１５分～

▽新型コロナ最新情報
▽対策本部会議　県の対応は
▽台風５号接近に伴いあす大雨
▽近距離移動モビリティ「WHILL」お披露目

▼＃東京ウォッチ
銀座の名店でフレンチとして生まれ変わった県産アユにスポットをあてる。 https://t.co/q5sbQRg6Z3",0,0,Photo1,http://pbs.twimg.com/media/FYzo_YVVQAEugNP.jpg,7月29日(金)午後6時15分~　　▽新型コロナ最新情報　▽対策本部会議　県の対応は　▽台風5号接近に伴いあす大雨　▽近距離移動モビリティ「WHILL」お披露目　　▼#東京ウォッチ　銀座の名店でフレンチとして生まれ変わった県産アユにスポットをあてる。　,Row_004,対応,名詞,サ変接続,*,*,*,*,対応,4,30,,,対応,対応,は,は,名詞,一般,対応は,FALSE,対応台風,TRUE,151,1,1,対応,1,台風,8
1552872195440852993,RKC_Kochieye2,2022-07-29 13:22:37,1552872195440852993,2022-07-29T04:22:37Z,"７月２９日（金）午後６時１５分～

▽新型コロナ最新情報
▽対策本部会議　県の対応は
▽台風５号接近に伴いあす大雨
▽近距離移動モビリティ「WHILL」お披露目

▼＃東京ウォッチ
銀座の名店でフレンチとして生まれ変わった県産アユにスポットをあてる。 https://t.co/q5sbQRg6Z3",0,0,Photo1,http://pbs.twimg.com/media/FYzo_YVVQAEugNP.jpg,7月29日(金)午後6時15分~　　▽新型コロナ最新情報　▽対策本部会議　県の対応は　▽台風5号接近に伴いあす大雨　▽近距離移動モビリティ「WHILL」お披露目　　▼#東京ウォッチ　銀座の名店でフレンチとして生まれ変わった県産アユにスポットをあてる。　,Row_004,台風,名詞,一般,*,*,*,*,台風,4,34,,,台風,台風,5号,5,名詞,数,台風5号,FALSE,台風5号,TRUE,155,1,8,台風,8,5号,6
1552872195440852993,RKC_Kochieye2,2022-07-29 13:22:37,1552872195440852993,2022-07-29T04:22:37Z,"７月２９日（金）午後６時１５分～

▽新型コロナ最新情報
▽対策本部会議　県の対応は
▽台風５号接近に伴いあす大雨
▽近距離移動モビリティ「WHILL」お披露目

▼＃東京ウォッチ
銀座の名店でフレンチとして生まれ変わった県産アユにスポットをあてる。 https://t.co/q5sbQRg6Z3",0,0,Photo1,http://pbs.twimg.com/media/FYzo_YVVQAEugNP.jpg,7月29日(金)午後6時15分~　　▽新型コロナ最新情報　▽対策本部会議　県の対応は　▽台風5号接近に伴いあす大雨　▽近距離移動モビリティ「WHILL」お披露目　　▼#東京ウォッチ　銀座の名店でフレンチとして生まれ変わった県産アユにスポットをあてる。　,Row_004,5,名詞,数,*,*,*,*,5,4,35,,,5,5号,接近,接近,名詞,サ変接続,5号接近,FALSE,5号接近,TRUE,156,1,6,5号,6,接近,6
1552872195440852993,RKC_Kochieye2,2022-07-29 13:22:37,1552872195440852993,2022-07-29T04:22:37Z,"７月２９日（金）午後６時１５分～

▽新型コロナ最新情報
▽対策本部会議　県の対応は
▽台風５号接近に伴いあす大雨
▽近距離移動モビリティ「WHILL」お披露目

▼＃東京ウォッチ
銀座の名店でフレンチとして生まれ変わった県産アユにスポットをあてる。 https://t.co/q5sbQRg6Z3",0,0,Photo1,http://pbs.twimg.com/media/FYzo_YVVQAEugNP.jpg,7月29日(金)午後6時15分~　　▽新型コロナ最新情報　▽対策本部会議　県の対応は　▽台風5号接近に伴いあす大雨　▽近距離移動モビリティ「WHILL」お披露目　　▼#東京ウォッチ　銀座の名店でフレンチとして生まれ変わった県産アユにスポットをあてる。　,Row_004,接近,名詞,サ変接続,*,*,*,*,接近,4,37,,,接近,接近,に,に,名詞,副詞可能,接近に,FALSE,接近あす,TRUE,157,1,6,接近,6,あす,1
1552872195440852993,RKC_Kochieye2,2022-07-29 13:22:37,1552872195440852993,2022-07-29T04:22:37Z,"７月２９日（金）午後６時１５分～

▽新型コロナ最新情報
▽対策本部会議　県の対応は
▽台風５号接近に伴いあす大雨
▽近距離移動モビリティ「WHILL」お披露目

▼＃東京ウォッチ
銀座の名店でフレンチとして生まれ変わった県産アユにスポットをあてる。 https://t.co/q5sbQRg6Z3",0,0,Photo1,http://pbs.twimg.com/media/FYzo_YVVQAEugNP.jpg,7月29日(金)午後6時15分~　　▽新型コロナ最新情報　▽対策本部会議　県の対応は　▽台風5号接近に伴いあす大雨　▽近距離移動モビリティ「WHILL」お披露目　　▼#東京ウォッチ　銀座の名店でフレンチとして生まれ変わった県産アユにスポットをあてる。　,Row_004,あす,名詞,副詞可能,*,*,*,*,あす,4,40,,,あす,あす,大雨,大雨,名詞,一般,あす大雨,FALSE,あす大雨,TRUE,160,1,1,あす,1,大雨,13
1552872195440852993,RKC_Kochieye2,2022-07-29 13:22:37,1552872195440852993,2022-07-29T04:22:37Z,"７月２９日（金）午後６時１５分～

▽新型コロナ最新情報
▽対策本部会議　県の対応は
▽台風５号接近に伴いあす大雨
▽近距離移動モビリティ「WHILL」お披露目

▼＃東京ウォッチ
銀座の名店でフレンチとして生まれ変わった県産アユにスポットをあてる。 https://t.co/q5sbQRg6Z3",0,0,Photo1,http://pbs.twimg.com/media/FYzo_YVVQAEugNP.jpg,7月29日(金)午後6時15分~　　▽新型コロナ最新情報　▽対策本部会議　県の対応は　▽台風5号接近に伴いあす大雨　▽近距離移動モビリティ「WHILL」お披露目　　▼#東京ウォッチ　銀座の名店でフレンチとして生まれ変わった県産アユにスポットをあてる。　,Row_004,大雨,名詞,一般,*,*,*,*,大雨,4,41,,,大雨,大雨,　,　,名詞,一般,大雨　,FALSE,大雨近距離,TRUE,161,1,13,大雨,13,近距離,1
1552872195440852993,RKC_Kochieye2,2022-07-29 13:22:37,1552872195440852993,2022-07-29T04:22:37Z,"７月２９日（金）午後６時１５分～

▽新型コロナ最新情報
▽対策本部会議　県の対応は
▽台風５号接近に伴いあす大雨
▽近距離移動モビリティ「WHILL」お披露目

▼＃東京ウォッチ
銀座の名店でフレンチとして生まれ変わった県産アユにスポットをあてる。 https://t.co/q5sbQRg6Z3",0,0,Photo1,http://pbs.twimg.com/media/FYzo_YVVQAEugNP.jpg,7月29日(金)午後6時15分~　　▽新型コロナ最新情報　▽対策本部会議　県の対応は　▽台風5号接近に伴いあす大雨　▽近距離移動モビリティ「WHILL」お披露目　　▼#東京ウォッチ　銀座の名店でフレンチとして生まれ変わった県産アユにスポットをあてる。　,Row_004,近距離,名詞,一般,*,*,*,*,近距離,4,44,,,近距離,近距離,移動,移動,名詞,サ変接続,近距離移動,FALSE,近距離移動,TRUE,164,1,1,近距離,1,移動,1
1552872195440852993,RKC_Kochieye2,2022-07-29 13:22:37,1552872195440852993,2022-07-29T04:22:37Z,"７月２９日（金）午後６時１５分～

▽新型コロナ最新情報
▽対策本部会議　県の対応は
▽台風５号接近に伴いあす大雨
▽近距離移動モビリティ「WHILL」お披露目

▼＃東京ウォッチ
銀座の名店でフレンチとして生まれ変わった県産アユにスポットをあてる。 https://t.co/q5sbQRg6Z3",0,0,Photo1,http://pbs.twimg.com/media/FYzo_YVVQAEugNP.jpg,7月29日(金)午後6時15分~　　▽新型コロナ最新情報　▽対策本部会議　県の対応は　▽台風5号接近に伴いあす大雨　▽近距離移動モビリティ「WHILL」お披露目　　▼#東京ウォッチ　銀座の名店でフレンチとして生まれ変わった県産アユにスポットをあてる。　,Row_004,移動,名詞,サ変接続,*,*,*,*,移動,4,45,,,移動,移動,モビリティ,モビリティ,名詞,一般,移動モビリティ,FALSE,移動モビリティ,TRUE,165,1,1,移動,1,モビリティ,1
1552872195440852993,RKC_Kochieye2,2022-07-29 13:22:37,1552872195440852993,2022-07-29T04:22:37Z,"７月２９日（金）午後６時１５分～

▽新型コロナ最新情報
▽対策本部会議　県の対応は
▽台風５号接近に伴いあす大雨
▽近距離移動モビリティ「WHILL」お披露目

▼＃東京ウォッチ
銀座の名店でフレンチとして生まれ変わった県産アユにスポットをあてる。 https://t.co/q5sbQRg6Z3",0,0,Photo1,http://pbs.twimg.com/media/FYzo_YVVQAEugNP.jpg,7月29日(金)午後6時15分~　　▽新型コロナ最新情報　▽対策本部会議　県の対応は　▽台風5号接近に伴いあす大雨　▽近距離移動モビリティ「WHILL」お披露目　　▼#東京ウォッチ　銀座の名店でフレンチとして生まれ変わった県産アユにスポットをあてる。　,Row_004,モビリティ,名詞,一般,*,*,*,*,モビリティ,4,46,,,モビリティ,モビリティ,「,「,名詞,固有名詞,モビリティ「,FALSE,モビリティWHILL,TRUE,166,1,1,モビリティ,1,WHILL,1
1552872195440852993,RKC_Kochieye2,2022-07-29 13:22:37,1552872195440852993,2022-07-29T04:22:37Z,"７月２９日（金）午後６時１５分～

▽新型コロナ最新情報
▽対策本部会議　県の対応は
▽台風５号接近に伴いあす大雨
▽近距離移動モビリティ「WHILL」お披露目

▼＃東京ウォッチ
銀座の名店でフレンチとして生まれ変わった県産アユにスポットをあてる。 https://t.co/q5sbQRg6Z3",0,0,Photo1,http://pbs.twimg.com/media/FYzo_YVVQAEugNP.jpg,7月29日(金)午後6時15分~　　▽新型コロナ最新情報　▽対策本部会議　県の対応は　▽台風5号接近に伴いあす大雨　▽近距離移動モビリティ「WHILL」お披露目　　▼#東京ウォッチ　銀座の名店でフレンチとして生まれ変わった県産アユにスポットをあてる。　,Row_004,WHILL,名詞,固有名詞,組織,*,*,*,WHILL,4,48,,,WHILL,WHILL,」,」,名詞,一般,WHILL」,FALSE,WHILLお披露目,TRUE,168,1,1,WHILL,1,お披露目,1
1552872195440852993,RKC_Kochieye2,2022-07-29 13:22:37,1552872195440852993,2022-07-29T04:22:37Z,"７月２９日（金）午後６時１５分～

▽新型コロナ最新情報
▽対策本部会議　県の対応は
▽台風５号接近に伴いあす大雨
▽近距離移動モビリティ「WHILL」お披露目

▼＃東京ウォッチ
銀座の名店でフレンチとして生まれ変わった県産アユにスポットをあてる。 https://t.co/q5sbQRg6Z3",0,0,Photo1,http://pbs.twimg.com/media/FYzo_YVVQAEugNP.jpg,7月29日(金)午後6時15分~　　▽新型コロナ最新情報　▽対策本部会議　県の対応は　▽台風5号接近に伴いあす大雨　▽近距離移動モビリティ「WHILL」お披露目　　▼#東京ウォッチ　銀座の名店でフレンチとして生まれ変わった県産アユにスポットをあてる。　,Row_004,お披露目,名詞,一般,*,*,*,*,お披露目,4,50,,,お披露目,お披露目,　,　,名詞,固有名詞,お披露目　,FALSE,お披露目東京ウォッチ,TRUE,170,1,1,お披露目,1,東京ウォッチ,1
1552872195440852993,RKC_Kochieye2,2022-07-29 13:22:37,1552872195440852993,2022-07-29T04:22:37Z,"７月２９日（金）午後６時１５分～

▽新型コロナ最新情報
▽対策本部会議　県の対応は
▽台風５号接近に伴いあす大雨
▽近距離移動モビリティ「WHILL」お披露目

▼＃東京ウォッチ
銀座の名店でフレンチとして生まれ変わった県産アユにスポットをあてる。 https://t.co/q5sbQRg6Z3",0,0,Photo1,http://pbs.twimg.com/media/FYzo_YVVQAEugNP.jpg,7月29日(金)午後6時15分~　　▽新型コロナ最新情報　▽対策本部会議　県の対応は　▽台風5号接近に伴いあす大雨　▽近距離移動モビリティ「WHILL」お披露目　　▼#東京ウォッチ　銀座の名店でフレンチとして生まれ変わった県産アユにスポットをあてる。　,Row_004,東京,名詞,固有名詞,地域,一般,*,*,東京,4,55,,,東京,東京ウォッチ,　,　,名詞,固有名詞,東京ウォッチ　,TRUE,東京ウォッチ銀座,TRUE,175,1,1,東京ウォッチ,1,銀座,1
1552872195440852993,RKC_Kochieye2,2022-07-29 13:22:37,1552872195440852993,2022-07-29T04:22:37Z,"７月２９日（金）午後６時１５分～

▽新型コロナ最新情報
▽対策本部会議　県の対応は
▽台風５号接近に伴いあす大雨
▽近距離移動モビリティ「WHILL」お披露目

▼＃東京ウォッチ
銀座の名店でフレンチとして生まれ変わった県産アユにスポットをあてる。 https://t.co/q5sbQRg6Z3",0,0,Photo1,http://pbs.twimg.com/media/FYzo_YVVQAEugNP.jpg,7月29日(金)午後6時15分~　　▽新型コロナ最新情報　▽対策本部会議　県の対応は　▽台風5号接近に伴いあす大雨　▽近距離移動モビリティ「WHILL」お披露目　　▼#東京ウォッチ　銀座の名店でフレンチとして生まれ変わった県産アユにスポットをあてる。　,Row_004,銀座,名詞,固有名詞,地域,一般,*,*,銀座,4,58,,,銀座,銀座,の,の,名詞,一般,銀座の,FALSE,銀座名店,TRUE,177,1,1,銀座,1,名店,1
1552872195440852993,RKC_Kochieye2,2022-07-29 13:22:37,1552872195440852993,2022-07-29T04:22:37Z,"７月２９日（金）午後６時１５分～

▽新型コロナ最新情報
▽対策本部会議　県の対応は
▽台風５号接近に伴いあす大雨
▽近距離移動モビリティ「WHILL」お披露目

▼＃東京ウォッチ
銀座の名店でフレンチとして生まれ変わった県産アユにスポットをあてる。 https://t.co/q5sbQRg6Z3",0,0,Photo1,http://pbs.twimg.com/media/FYzo_YVVQAEugNP.jpg,7月29日(金)午後6時15分~　　▽新型コロナ最新情報　▽対策本部会議　県の対応は　▽台風5号接近に伴いあす大雨　▽近距離移動モビリティ「WHILL」お披露目　　▼#東京ウォッチ　銀座の名店でフレンチとして生まれ変わった県産アユにスポットをあてる。　,Row_004,名店,名詞,一般,*,*,*,*,名店,4,60,,,名店,名店,で,で,名詞,一般,名店で,FALSE,名店フレンチ,TRUE,179,1,1,名店,1,フレンチ,1
1552872195440852993,RKC_Kochieye2,2022-07-29 13:22:37,1552872195440852993,2022-07-29T04:22:37Z,"７月２９日（金）午後６時１５分～

▽新型コロナ最新情報
▽対策本部会議　県の対応は
▽台風５号接近に伴いあす大雨
▽近距離移動モビリティ「WHILL」お披露目

▼＃東京ウォッチ
銀座の名店でフレンチとして生まれ変わった県産アユにスポットをあてる。 https://t.co/q5sbQRg6Z3",0,0,Photo1,http://pbs.twimg.com/media/FYzo_YVVQAEugNP.jpg,7月29日(金)午後6時15分~　　▽新型コロナ最新情報　▽対策本部会議　県の対応は　▽台風5号接近に伴いあす大雨　▽近距離移動モビリティ「WHILL」お披露目　　▼#東京ウォッチ　銀座の名店でフレンチとして生まれ変わった県産アユにスポットをあてる。　,Row_004,フレンチ,名詞,一般,*,*,*,*,フレンチ,4,62,,,フレンチ,フレンチ,として,として,名詞,一般,フレンチとして,FALSE,フレンチ県産,TRUE,181,1,1,フレンチ,1,県産,1
1552872195440852993,RKC_Kochieye2,2022-07-29 13:22:37,1552872195440852993,2022-07-29T04:22:37Z,"７月２９日（金）午後６時１５分～

▽新型コロナ最新情報
▽対策本部会議　県の対応は
▽台風５号接近に伴いあす大雨
▽近距離移動モビリティ「WHILL」お披露目

▼＃東京ウォッチ
銀座の名店でフレンチとして生まれ変わった県産アユにスポットをあてる。 https://t.co/q5sbQRg6Z3",0,0,Photo1,http://pbs.twimg.com/media/FYzo_YVVQAEugNP.jpg,7月29日(金)午後6時15分~　　▽新型コロナ最新情報　▽対策本部会議　県の対応は　▽台風5号接近に伴いあす大雨　▽近距離移動モビリティ「WHILL」お披露目　　▼#東京ウォッチ　銀座の名店でフレンチとして生まれ変わった県産アユにスポットをあてる。　,Row_004,県,名詞,一般,*,*,*,*,県,4,66,,,県,県産,アユ,アユ,名詞,一般,県産アユ,FALSE,県産アユ,TRUE,184,1,1,県産,1,アユ,1
1552872195440852993,RKC_Kochieye2,2022-07-29 13:22:37,1552872195440852993,2022-07-29T04:22:37Z,"７月２９日（金）午後６時１５分～

▽新型コロナ最新情報
▽対策本部会議　県の対応は
▽台風５号接近に伴いあす大雨
▽近距離移動モビリティ「WHILL」お披露目

▼＃東京ウォッチ
銀座の名店でフレンチとして生まれ変わった県産アユにスポットをあてる。 https://t.co/q5sbQRg6Z3",0,0,Photo1,http://pbs.twimg.com/media/FYzo_YVVQAEugNP.jpg,7月29日(金)午後6時15分~　　▽新型コロナ最新情報　▽対策本部会議　県の対応は　▽台風5号接近に伴いあす大雨　▽近距離移動モビリティ「WHILL」お披露目　　▼#東京ウォッチ　銀座の名店でフレンチとして生まれ変わった県産アユにスポットをあてる。　,Row_004,アユ,名詞,一般,*,*,*,*,アユ,4,68,,,アユ,アユ,に,に,名詞,一般,アユに,FALSE,アユスポット,TRUE,185,1,1,アユ,1,スポット,1
1552872195440852993,RKC_Kochieye2,2022-07-29 13:22:37,1552872195440852993,2022-07-29T04:22:37Z,"７月２９日（金）午後６時１５分～

▽新型コロナ最新情報
▽対策本部会議　県の対応は
▽台風５号接近に伴いあす大雨
▽近距離移動モビリティ「WHILL」お披露目

▼＃東京ウォッチ
銀座の名店でフレンチとして生まれ変わった県産アユにスポットをあてる。 https://t.co/q5sbQRg6Z3",0,0,Photo1,http://pbs.twimg.com/media/FYzo_YVVQAEugNP.jpg,7月29日(金)午後6時15分~　　▽新型コロナ最新情報　▽対策本部会議　県の対応は　▽台風5号接近に伴いあす大雨　▽近距離移動モビリティ「WHILL」お披露目　　▼#東京ウォッチ　銀座の名店でフレンチとして生まれ変わった県産アユにスポットをあてる。　,Row_004,スポット,名詞,一般,*,*,*,*,スポット,4,70,,,スポット,スポット,を,を,,,スポットを,FALSE,スポットNA,TRUE,187,1,1,スポット,1,,
1552872423313346562,PayPayNews,2022-07-29 13:23:31,1552872423313346562,2022-07-29T04:23:31Z,台風5号　特徴と警戒ポイント　今夜は奄美地方にかなり接近　九州南部や四国も大雨に(https://t.co/4BblteFTmn) https://t.co/esZSlfF4WU https://t.co/EE1X140fFQ,0,0,Photo1,http://pbs.twimg.com/media/FYzpPEcakAApvZQ.jpg,台風5号　特徴と警戒ポイント　今夜は奄美地方にかなり接近　九州南部や四国も大雨に()　　,Row_005,台風,名詞,一般,*,*,*,*,台風,5,2,,,台風,台風,5号,5,名詞,数,台風5号,FALSE,台風5号,TRUE,194,1,8,台風,8,5号,6
1552872423313346562,PayPayNews,2022-07-29 13:23:31,1552872423313346562,2022-07-29T04:23:31Z,台風5号　特徴と警戒ポイント　今夜は奄美地方にかなり接近　九州南部や四国も大雨に(https://t.co/4BblteFTmn) https://t.co/esZSlfF4WU https://t.co/EE1X140fFQ,0,0,Photo1,http://pbs.twimg.com/media/FYzpPEcakAApvZQ.jpg,台風5号　特徴と警戒ポイント　今夜は奄美地方にかなり接近　九州南部や四国も大雨に()　　,Row_005,5,名詞,数,*,*,*,*,5,5,3,,,5,5号,　,　,名詞,一般,5号　,FALSE,5号特徴,TRUE,195,1,6,5号,6,特徴,3
1552872423313346562,PayPayNews,2022-07-29 13:23:31,1552872423313346562,2022-07-29T04:23:31Z,台風5号　特徴と警戒ポイント　今夜は奄美地方にかなり接近　九州南部や四国も大雨に(https://t.co/4BblteFTmn) https://t.co/esZSlfF4WU https://t.co/EE1X140fFQ,0,0,Photo1,http://pbs.twimg.com/media/FYzpPEcakAApvZQ.jpg,台風5号　特徴と警戒ポイント　今夜は奄美地方にかなり接近　九州南部や四国も大雨に()　　,Row_005,特徴,名詞,一般,*,*,*,*,特徴,5,6,,,特徴,特徴,と,と,名詞,サ変接続,特徴と,FALSE,特徴警戒,TRUE,197,1,3,特徴,3,警戒,4
1552872423313346562,PayPayNews,2022-07-29 13:23:31,1552872423313346562,2022-07-29T04:23:31Z,台風5号　特徴と警戒ポイント　今夜は奄美地方にかなり接近　九州南部や四国も大雨に(https://t.co/4BblteFTmn) https://t.co/esZSlfF4WU https://t.co/EE1X140fFQ,0,0,Photo1,http://pbs.twimg.com/media/FYzpPEcakAApvZQ.jpg,台風5号　特徴と警戒ポイント　今夜は奄美地方にかなり接近　九州南部や四国も大雨に()　　,Row_005,警戒,名詞,サ変接続,*,*,*,*,警戒,5,8,,,警戒,警戒,ポイント,ポイント,名詞,一般,警戒ポイント,FALSE,警戒ポイント,TRUE,199,1,4,警戒,4,ポイント,3
1552872423313346562,PayPayNews,2022-07-29 13:23:31,1552872423313346562,2022-07-29T04:23:31Z,台風5号　特徴と警戒ポイント　今夜は奄美地方にかなり接近　九州南部や四国も大雨に(https://t.co/4BblteFTmn) https://t.co/esZSlfF4WU https://t.co/EE1X140fFQ,0,0,Photo1,http://pbs.twimg.com/media/FYzpPEcakAApvZQ.jpg,台風5号　特徴と警戒ポイント　今夜は奄美地方にかなり接近　九州南部や四国も大雨に()　　,Row_005,ポイント,名詞,一般,*,*,*,*,ポイント,5,9,,,ポイント,ポイント,　,　,名詞,副詞可能,ポイント　,FALSE,ポイント今夜,TRUE,200,1,3,ポイント,3,今夜,4
1552872423313346562,PayPayNews,2022-07-29 13:23:31,1552872423313346562,2022-07-29T04:23:31Z,台風5号　特徴と警戒ポイント　今夜は奄美地方にかなり接近　九州南部や四国も大雨に(https://t.co/4BblteFTmn) https://t.co/esZSlfF4WU https://t.co/EE1X140fFQ,0,0,Photo1,http://pbs.twimg.com/media/FYzpPEcakAApvZQ.jpg,台風5号　特徴と警戒ポイント　今夜は奄美地方にかなり接近　九州南部や四国も大雨に()　　,Row_005,今夜,名詞,副詞可能,*,*,*,*,今夜,5,11,,,今夜,今夜,は,は,名詞,固有名詞,今夜は,FALSE,今夜奄美,TRUE,202,1,4,今夜,4,奄美,5
1552872423313346562,PayPayNews,2022-07-29 13:23:31,1552872423313346562,2022-07-29T04:23:31Z,台風5号　特徴と警戒ポイント　今夜は奄美地方にかなり接近　九州南部や四国も大雨に(https://t.co/4BblteFTmn) https://t.co/esZSlfF4WU https://t.co/EE1X140fFQ,0,0,Photo1,http://pbs.twimg.com/media/FYzpPEcakAApvZQ.jpg,台風5号　特徴と警戒ポイント　今夜は奄美地方にかなり接近　九州南部や四国も大雨に()　　,Row_005,奄美,名詞,固有名詞,地域,一般,*,*,奄美,5,13,,,奄美,奄美,地方,地方,名詞,一般,奄美地方,FALSE,奄美地方,TRUE,204,1,5,奄美,5,地方,5
1552872423313346562,PayPayNews,2022-07-29 13:23:31,1552872423313346562,2022-07-29T04:23:31Z,台風5号　特徴と警戒ポイント　今夜は奄美地方にかなり接近　九州南部や四国も大雨に(https://t.co/4BblteFTmn) https://t.co/esZSlfF4WU https://t.co/EE1X140fFQ,0,0,Photo1,http://pbs.twimg.com/media/FYzpPEcakAApvZQ.jpg,台風5号　特徴と警戒ポイント　今夜は奄美地方にかなり接近　九州南部や四国も大雨に()　　,Row_005,地方,名詞,一般,*,*,*,*,地方,5,14,,,地方,地方,に,に,名詞,サ変接続,地方に,FALSE,地方接近,TRUE,205,1,5,地方,5,接近,6
1552872423313346562,PayPayNews,2022-07-29 13:23:31,1552872423313346562,2022-07-29T04:23:31Z,台風5号　特徴と警戒ポイント　今夜は奄美地方にかなり接近　九州南部や四国も大雨に(https://t.co/4BblteFTmn) https://t.co/esZSlfF4WU https://t.co/EE1X140fFQ,0,0,Photo1,http://pbs.twimg.com/media/FYzpPEcakAApvZQ.jpg,台風5号　特徴と警戒ポイント　今夜は奄美地方にかなり接近　九州南部や四国も大雨に()　　,Row_005,接近,名詞,サ変接続,*,*,*,*,接近,5,17,,,接近,接近,　,　,名詞,固有名詞,接近　,FALSE,接近九州,TRUE,208,1,6,接近,6,九州,5
1552872423313346562,PayPayNews,2022-07-29 13:23:31,1552872423313346562,2022-07-29T04:23:31Z,台風5号　特徴と警戒ポイント　今夜は奄美地方にかなり接近　九州南部や四国も大雨に(https://t.co/4BblteFTmn) https://t.co/esZSlfF4WU https://t.co/EE1X140fFQ,0,0,Photo1,http://pbs.twimg.com/media/FYzpPEcakAApvZQ.jpg,台風5号　特徴と警戒ポイント　今夜は奄美地方にかなり接近　九州南部や四国も大雨に()　　,Row_005,九州,名詞,固有名詞,地域,一般,*,*,九州,5,19,,,九州,九州,南部,南部,名詞,一般,九州南部,FALSE,九州南部,TRUE,210,1,5,九州,5,南部,4
1552872423313346562,PayPayNews,2022-07-29 13:23:31,1552872423313346562,2022-07-29T04:23:31Z,台風5号　特徴と警戒ポイント　今夜は奄美地方にかなり接近　九州南部や四国も大雨に(https://t.co/4BblteFTmn) https://t.co/esZSlfF4WU https://t.co/EE1X140fFQ,0,0,Photo1,http://pbs.twimg.com/media/FYzpPEcakAApvZQ.jpg,台風5号　特徴と警戒ポイント　今夜は奄美地方にかなり接近　九州南部や四国も大雨に()　　,Row_005,南部,名詞,一般,*,*,*,*,南部,5,20,,,南部,南部,や,や,名詞,固有名詞,南部や,FALSE,南部四国,TRUE,211,1,4,南部,4,四国,4
1552872423313346562,PayPayNews,2022-07-29 13:23:31,1552872423313346562,2022-07-29T04:23:31Z,台風5号　特徴と警戒ポイント　今夜は奄美地方にかなり接近　九州南部や四国も大雨に(https://t.co/4BblteFTmn) https://t.co/esZSlfF4WU https://t.co/EE1X140fFQ,0,0,Photo1,http://pbs.twimg.com/media/FYzpPEcakAApvZQ.jpg,台風5号　特徴と警戒ポイント　今夜は奄美地方にかなり接近　九州南部や四国も大雨に()　　,Row_005,四国,名詞,固有名詞,地域,一般,*,*,四国,5,22,,,四国,四国,も,も,名詞,一般,四国も,FALSE,四国大雨,TRUE,213,1,4,四国,4,大雨,13
1552872423313346562,PayPayNews,2022-07-29 13:23:31,1552872423313346562,2022-07-29T04:23:31Z,台風5号　特徴と警戒ポイント　今夜は奄美地方にかなり接近　九州南部や四国も大雨に(https://t.co/4BblteFTmn) https://t.co/esZSlfF4WU https://t.co/EE1X140fFQ,0,0,Photo1,http://pbs.twimg.com/media/FYzpPEcakAApvZQ.jpg,台風5号　特徴と警戒ポイント　今夜は奄美地方にかなり接近　九州南部や四国も大雨に()　　,Row_005,大雨,名詞,一般,*,*,*,*,大雨,5,24,,,大雨,大雨,に,に,,,大雨に,FALSE,大雨NA,TRUE,215,1,13,大雨,13,,
1552879057905131520,banpeet,2022-07-29 13:49:53,1552879057905131520,2022-07-29T04:49:53Z,"方角的に栃木方面かな？
大雨ご注意くださいませ https://t.co/J6u97dCc9L",0,0,Photo1,http://pbs.twimg.com/media/FYzvRTQVQAAOpwb.jpg,方角的に栃木方面かな?　大雨ご注意くださいませ　,Row_006,方角,名詞,一般,*,*,*,*,方角,6,2,,,方角,方角的,に,に,名詞,固有名詞,方角的に,FALSE,方角的栃木,TRUE,223,1,1,方角的,1,栃木,1
1552879057905131520,banpeet,2022-07-29 13:49:53,1552879057905131520,2022-07-29T04:49:53Z,"方角的に栃木方面かな？
大雨ご注意くださいませ https://t.co/J6u97dCc9L",0,0,Photo1,http://pbs.twimg.com/media/FYzvRTQVQAAOpwb.jpg,方角的に栃木方面かな?　大雨ご注意くださいませ　,Row_006,栃木,名詞,固有名詞,地域,一般,*,*,栃木,6,5,,,栃木,栃木,方面,方面,名詞,一般,栃木方面,FALSE,栃木方面,TRUE,225,1,1,栃木,1,方面,1
1552879057905131520,banpeet,2022-07-29 13:49:53,1552879057905131520,2022-07-29T04:49:53Z,"方角的に栃木方面かな？
大雨ご注意くださいませ https://t.co/J6u97dCc9L",0,0,Photo1,http://pbs.twimg.com/media/FYzvRTQVQAAOpwb.jpg,方角的に栃木方面かな?　大雨ご注意くださいませ　,Row_006,方面,名詞,一般,*,*,*,*,方面,6,6,,,方面,方面,か,か,名詞,一般,方面か,FALSE,方面大雨,TRUE,226,1,1,方面,1,大雨,13
1552879057905131520,banpeet,2022-07-29 13:49:53,1552879057905131520,2022-07-29T04:49:53Z,"方角的に栃木方面かな？
大雨ご注意くださいませ https://t.co/J6u97dCc9L",0,0,Photo1,http://pbs.twimg.com/media/FYzvRTQVQAAOpwb.jpg,方角的に栃木方面かな?　大雨ご注意くださいませ　,Row_006,大雨,名詞,一般,*,*,*,*,大雨,6,11,,,大雨,大雨,ご注意,ご,名詞,サ変接続,大雨ご注意,FALSE,大雨ご注意,TRUE,231,1,13,大雨,13,ご注意,2
1552879057905131520,banpeet,2022-07-29 13:49:53,1552879057905131520,2022-07-29T04:49:53Z,"方角的に栃木方面かな？
大雨ご注意くださいませ https://t.co/J6u97dCc9L",0,0,Photo1,http://pbs.twimg.com/media/FYzvRTQVQAAOpwb.jpg,方角的に栃木方面かな?　大雨ご注意くださいませ　,Row_006,ご,名詞,サ変接続,*,*,*,*,ご,6,12,,,ご,ご注意,くださいませ,くださる,,,ご注意くださいませ,FALSE,ご注意NA,TRUE,232,1,2,ご注意,2,,
1552881313673318401,omstarmobile,2022-07-29 13:58:50,1552881313673318401,2022-07-29T04:58:50Z,台風5号　特徴と警戒ポイント　今夜は奄美地方にかなり接近　九州南部や四国も大雨に(https://t.co/0jsCIMdIT9) https://t.co/jdYWa4rRNX https://t.co/Paw5nijt55,0,0,Photo1,http://pbs.twimg.com/media/FYzxUhDUsAAZ87c.jpg,台風5号　特徴と警戒ポイント　今夜は奄美地方にかなり接近　九州南部や四国も大雨に()　　,Row_007,台風,名詞,一般,*,*,*,*,台風,7,2,,,台風,台風,5号,5,名詞,数,台風5号,FALSE,台風5号,TRUE,237,1,8,台風,8,5号,6
1552881313673318401,omstarmobile,2022-07-29 13:58:50,1552881313673318401,2022-07-29T04:58:50Z,台風5号　特徴と警戒ポイント　今夜は奄美地方にかなり接近　九州南部や四国も大雨に(https://t.co/0jsCIMdIT9) https://t.co/jdYWa4rRNX https://t.co/Paw5nijt55,0,0,Photo1,http://pbs.twimg.com/media/FYzxUhDUsAAZ87c.jpg,台風5号　特徴と警戒ポイント　今夜は奄美地方にかなり接近　九州南部や四国も大雨に()　　,Row_007,5,名詞,数,*,*,*,*,5,7,3,,,5,5号,　,　,名詞,一般,5号　,FALSE,5号特徴,TRUE,238,1,6,5号,6,特徴,3
1552881313673318401,omstarmobile,2022-07-29 13:58:50,1552881313673318401,2022-07-29T04:58:50Z,台風5号　特徴と警戒ポイント　今夜は奄美地方にかなり接近　九州南部や四国も大雨に(https://t.co/0jsCIMdIT9) https://t.co/jdYWa4rRNX https://t.co/Paw5nijt55,0,0,Photo1,http://pbs.twimg.com/media/FYzxUhDUsAAZ87c.jpg,台風5号　特徴と警戒ポイント　今夜は奄美地方にかなり接近　九州南部や四国も大雨に()　　,Row_007,特徴,名詞,一般,*,*,*,*,特徴,7,6,,,特徴,特徴,と,と,名詞,サ変接続,特徴と,FALSE,特徴警戒,TRUE,240,1,3,特徴,3,警戒,4
1552881313673318401,omstarmobile,2022-07-29 13:58:50,1552881313673318401,2022-07-29T04:58:50Z,台風5号　特徴と警戒ポイント　今夜は奄美地方にかなり接近　九州南部や四国も大雨に(https://t.co/0jsCIMdIT9) https://t.co/jdYWa4rRNX https://t.co/Paw5nijt55,0,0,Photo1,http://pbs.twimg.com/media/FYzxUhDUsAAZ87c.jpg,台風5号　特徴と警戒ポイント　今夜は奄美地方にかなり接近　九州南部や四国も大雨に()　　,Row_007,警戒,名詞,サ変接続,*,*,*,*,警戒,7,8,,,警戒,警戒,ポイント,ポイント,名詞,一般,警戒ポイント,FALSE,警戒ポイント,TRUE,242,1,4,警戒,4,ポイント,3
1552881313673318401,omstarmobile,2022-07-29 13:58:50,1552881313673318401,2022-07-29T04:58:50Z,台風5号　特徴と警戒ポイント　今夜は奄美地方にかなり接近　九州南部や四国も大雨に(https://t.co/0jsCIMdIT9) https://t.co/jdYWa4rRNX https://t.co/Paw5nijt55,0,0,Photo1,http://pbs.twimg.com/media/FYzxUhDUsAAZ87c.jpg,台風5号　特徴と警戒ポイント　今夜は奄美地方にかなり接近　九州南部や四国も大雨に()　　,Row_007,ポイント,名詞,一般,*,*,*,*,ポイント,7,9,,,ポイント,ポイント,　,　,名詞,副詞可能,ポイント　,FALSE,ポイント今夜,TRUE,243,1,3,ポイント,3,今夜,4
1552881313673318401,omstarmobile,2022-07-29 13:58:50,1552881313673318401,2022-07-29T04:58:50Z,台風5号　特徴と警戒ポイント　今夜は奄美地方にかなり接近　九州南部や四国も大雨に(https://t.co/0jsCIMdIT9) https://t.co/jdYWa4rRNX https://t.co/Paw5nijt55,0,0,Photo1,http://pbs.twimg.com/media/FYzxUhDUsAAZ87c.jpg,台風5号　特徴と警戒ポイント　今夜は奄美地方にかなり接近　九州南部や四国も大雨に()　　,Row_007,今夜,名詞,副詞可能,*,*,*,*,今夜,7,11,,,今夜,今夜,は,は,名詞,固有名詞,今夜は,FALSE,今夜奄美,TRUE,245,1,4,今夜,4,奄美,5
1552881313673318401,omstarmobile,2022-07-29 13:58:50,1552881313673318401,2022-07-29T04:58:50Z,台風5号　特徴と警戒ポイント　今夜は奄美地方にかなり接近　九州南部や四国も大雨に(https://t.co/0jsCIMdIT9) https://t.co/jdYWa4rRNX https://t.co/Paw5nijt55,0,0,Photo1,http://pbs.twimg.com/media/FYzxUhDUsAAZ87c.jpg,台風5号　特徴と警戒ポイント　今夜は奄美地方にかなり接近　九州南部や四国も大雨に()　　,Row_007,奄美,名詞,固有名詞,地域,一般,*,*,奄美,7,13,,,奄美,奄美,地方,地方,名詞,一般,奄美地方,FALSE,奄美地方,TRUE,247,1,5,奄美,5,地方,5
1552881313673318401,omstarmobile,2022-07-29 13:58:50,1552881313673318401,2022-07-29T04:58:50Z,台風5号　特徴と警戒ポイント　今夜は奄美地方にかなり接近　九州南部や四国も大雨に(https://t.co/0jsCIMdIT9) https://t.co/jdYWa4rRNX https://t.co/Paw5nijt55,0,0,Photo1,http://pbs.twimg.com/media/FYzxUhDUsAAZ87c.jpg,台風5号　特徴と警戒ポイント　今夜は奄美地方にかなり接近　九州南部や四国も大雨に()　　,Row_007,地方,名詞,一般,*,*,*,*,地方,7,14,,,地方,地方,に,に,名詞,サ変接続,地方に,FALSE,地方接近,TRUE,248,1,5,地方,5,接近,6
1552881313673318401,omstarmobile,2022-07-29 13:58:50,1552881313673318401,2022-07-29T04:58:50Z,台風5号　特徴と警戒ポイント　今夜は奄美地方にかなり接近　九州南部や四国も大雨に(https://t.co/0jsCIMdIT9) https://t.co/jdYWa4rRNX https://t.co/Paw5nijt55,0,0,Photo1,http://pbs.twimg.com/media/FYzxUhDUsAAZ87c.jpg,台風5号　特徴と警戒ポイント　今夜は奄美地方にかなり接近　九州南部や四国も大雨に()　　,Row_007,接近,名詞,サ変接続,*,*,*,*,接近,7,17,,,接近,接近,　,　,名詞,固有名詞,接近　,FALSE,接近九州,TRUE,251,1,6,接近,6,九州,5
1552881313673318401,omstarmobile,2022-07-29 13:58:50,1552881313673318401,2022-07-29T04:58:50Z,台風5号　特徴と警戒ポイント　今夜は奄美地方にかなり接近　九州南部や四国も大雨に(https://t.co/0jsCIMdIT9) https://t.co/jdYWa4rRNX https://t.co/Paw5nijt55,0,0,Photo1,http://pbs.twimg.com/media/FYzxUhDUsAAZ87c.jpg,台風5号　特徴と警戒ポイント　今夜は奄美地方にかなり接近　九州南部や四国も大雨に()　　,Row_007,九州,名詞,固有名詞,地域,一般,*,*,九州,7,19,,,九州,九州,南部,南部,名詞,一般,九州南部,FALSE,九州南部,TRUE,253,1,5,九州,5,南部,4
1552881313673318401,omstarmobile,2022-07-29 13:58:50,1552881313673318401,2022-07-29T04:58:50Z,台風5号　特徴と警戒ポイント　今夜は奄美地方にかなり接近　九州南部や四国も大雨に(https://t.co/0jsCIMdIT9) https://t.co/jdYWa4rRNX https://t.co/Paw5nijt55,0,0,Photo1,http://pbs.twimg.com/media/FYzxUhDUsAAZ87c.jpg,台風5号　特徴と警戒ポイント　今夜は奄美地方にかなり接近　九州南部や四国も大雨に()　　,Row_007,南部,名詞,一般,*,*,*,*,南部,7,20,,,南部,南部,や,や,名詞,固有名詞,南部や,FALSE,南部四国,TRUE,254,1,4,南部,4,四国,4
1552881313673318401,omstarmobile,2022-07-29 13:58:50,1552881313673318401,2022-07-29T04:58:50Z,台風5号　特徴と警戒ポイント　今夜は奄美地方にかなり接近　九州南部や四国も大雨に(https://t.co/0jsCIMdIT9) https://t.co/jdYWa4rRNX https://t.co/Paw5nijt55,0,0,Photo1,http://pbs.twimg.com/media/FYzxUhDUsAAZ87c.jpg,台風5号　特徴と警戒ポイント　今夜は奄美地方にかなり接近　九州南部や四国も大雨に()　　,Row_007,四国,名詞,固有名詞,地域,一般,*,*,四国,7,22,,,四国,四国,も,も,名詞,一般,四国も,FALSE,四国大雨,TRUE,256,1,4,四国,4,大雨,13
1552881313673318401,omstarmobile,2022-07-29 13:58:50,1552881313673318401,2022-07-29T04:58:50Z,台風5号　特徴と警戒ポイント　今夜は奄美地方にかなり接近　九州南部や四国も大雨に(https://t.co/0jsCIMdIT9) https://t.co/jdYWa4rRNX https://t.co/Paw5nijt55,0,0,Photo1,http://pbs.twimg.com/media/FYzxUhDUsAAZ87c.jpg,台風5号　特徴と警戒ポイント　今夜は奄美地方にかなり接近　九州南部や四国も大雨に()　　,Row_007,大雨,名詞,一般,*,*,*,*,大雨,7,24,,,大雨,大雨,に,に,,,大雨に,FALSE,大雨NA,TRUE,258,1,13,大雨,13,,
1552884509938372609,naepyan,2022-07-29 14:11:33,1552884509938372609,2022-07-29T05:11:33Z,"九州南部,奄美のみなさまは台風第5号接近による大雨や落雷突風土砂災害や低地の浸水河川の増水に注意してねー
では出勤★行ってきまーす@那覇 泊港 泊ふ頭旅客ターミナル とまりん https://t.co/vO562TmcjW",0,0,Photo1,http://pbs.twimg.com/media/FYz0OyKUUAApThq.jpg,"九州南部,奄美のみなさまは台風第5号接近による大雨や落雷突風土砂災害や低地の浸水河川の増水に注意してねー　では出勤★行ってきまーす　泊港　泊ふ頭旅客ターミナル　とまりん　",Row_008,九州,名詞,固有名詞,地域,一般,*,*,九州,8,2,,,九州,九州,南部,南部,名詞,一般,九州南部,FALSE,九州南部,TRUE,266,1,5,九州,5,南部,4
1552884509938372609,naepyan,2022-07-29 14:11:33,1552884509938372609,2022-07-29T05:11:33Z,"九州南部,奄美のみなさまは台風第5号接近による大雨や落雷突風土砂災害や低地の浸水河川の増水に注意してねー
では出勤★行ってきまーす@那覇 泊港 泊ふ頭旅客ターミナル とまりん https://t.co/vO562TmcjW",0,0,Photo1,http://pbs.twimg.com/media/FYz0OyKUUAApThq.jpg,"九州南部,奄美のみなさまは台風第5号接近による大雨や落雷突風土砂災害や低地の浸水河川の増水に注意してねー　では出勤★行ってきまーす　泊港　泊ふ頭旅客ターミナル　とまりん　",Row_008,南部,名詞,一般,*,*,*,*,南部,8,3,,,南部,南部,",","""",名詞,固有名詞,"南部,",FALSE,南部奄美,TRUE,267,1,4,南部,4,奄美,5
1552884509938372609,naepyan,2022-07-29 14:11:33,1552884509938372609,2022-07-29T05:11:33Z,"九州南部,奄美のみなさまは台風第5号接近による大雨や落雷突風土砂災害や低地の浸水河川の増水に注意してねー
では出勤★行ってきまーす@那覇 泊港 泊ふ頭旅客ターミナル とまりん https://t.co/vO562TmcjW",0,0,Photo1,http://pbs.twimg.com/media/FYz0OyKUUAApThq.jpg,"九州南部,奄美のみなさまは台風第5号接近による大雨や落雷突風土砂災害や低地の浸水河川の増水に注意してねー　では出勤★行ってきまーす　泊港　泊ふ頭旅客ターミナル　とまりん　",Row_008,奄美,名詞,固有名詞,地域,一般,*,*,奄美,8,5,,,奄美,奄美,の,の,名詞,代名詞,奄美の,FALSE,奄美みなさま,TRUE,269,1,5,奄美,5,みなさま,1
1552884509938372609,naepyan,2022-07-29 14:11:33,1552884509938372609,2022-07-29T05:11:33Z,"九州南部,奄美のみなさまは台風第5号接近による大雨や落雷突風土砂災害や低地の浸水河川の増水に注意してねー
では出勤★行ってきまーす@那覇 泊港 泊ふ頭旅客ターミナル とまりん https://t.co/vO562TmcjW",0,0,Photo1,http://pbs.twimg.com/media/FYz0OyKUUAApThq.jpg,"九州南部,奄美のみなさまは台風第5号接近による大雨や落雷突風土砂災害や低地の浸水河川の増水に注意してねー　では出勤★行ってきまーす　泊港　泊ふ頭旅客ターミナル　とまりん　",Row_008,みなさま,名詞,代名詞,一般,*,*,*,みなさま,8,7,,,みなさま,みなさま,は,は,名詞,一般,みなさまは,FALSE,みなさま台風,TRUE,271,1,1,みなさま,1,台風,8
1552884509938372609,naepyan,2022-07-29 14:11:33,1552884509938372609,2022-07-29T05:11:33Z,"九州南部,奄美のみなさまは台風第5号接近による大雨や落雷突風土砂災害や低地の浸水河川の増水に注意してねー
では出勤★行ってきまーす@那覇 泊港 泊ふ頭旅客ターミナル とまりん https://t.co/vO562TmcjW",0,0,Photo1,http://pbs.twimg.com/media/FYz0OyKUUAApThq.jpg,"九州南部,奄美のみなさまは台風第5号接近による大雨や落雷突風土砂災害や低地の浸水河川の増水に注意してねー　では出勤★行ってきまーす　泊港　泊ふ頭旅客ターミナル　とまりん　",Row_008,台風,名詞,一般,*,*,*,*,台風,8,9,,,台風,台風,第5号,第,名詞,数,台風第5号,FALSE,台風第5号,TRUE,273,1,8,台風,8,第5号,1
1552884509938372609,naepyan,2022-07-29 14:11:33,1552884509938372609,2022-07-29T05:11:33Z,"九州南部,奄美のみなさまは台風第5号接近による大雨や落雷突風土砂災害や低地の浸水河川の増水に注意してねー
では出勤★行ってきまーす@那覇 泊港 泊ふ頭旅客ターミナル とまりん https://t.co/vO562TmcjW",0,0,Photo1,http://pbs.twimg.com/media/FYz0OyKUUAApThq.jpg,"九州南部,奄美のみなさまは台風第5号接近による大雨や落雷突風土砂災害や低地の浸水河川の増水に注意してねー　では出勤★行ってきまーす　泊港　泊ふ頭旅客ターミナル　とまりん　",Row_008,第,名詞,数,*,*,*,*,第,8,10,,,第,第5号,接近,接近,名詞,サ変接続,第5号接近,FALSE,第5号接近,TRUE,274,1,1,第5号,1,接近,6
1552884509938372609,naepyan,2022-07-29 14:11:33,1552884509938372609,2022-07-29T05:11:33Z,"九州南部,奄美のみなさまは台風第5号接近による大雨や落雷突風土砂災害や低地の浸水河川の増水に注意してねー
では出勤★行ってきまーす@那覇 泊港 泊ふ頭旅客ターミナル とまりん https://t.co/vO562TmcjW",0,0,Photo1,http://pbs.twimg.com/media/FYz0OyKUUAApThq.jpg,"九州南部,奄美のみなさまは台風第5号接近による大雨や落雷突風土砂災害や低地の浸水河川の増水に注意してねー　では出勤★行ってきまーす　泊港　泊ふ頭旅客ターミナル　とまりん　",Row_008,接近,名詞,サ変接続,*,*,*,*,接近,8,13,,,接近,接近,による,による,名詞,一般,接近による,FALSE,接近大雨,TRUE,275,1,6,接近,6,大雨,13
1552884509938372609,naepyan,2022-07-29 14:11:33,1552884509938372609,2022-07-29T05:11:33Z,"九州南部,奄美のみなさまは台風第5号接近による大雨や落雷突風土砂災害や低地の浸水河川の増水に注意してねー
では出勤★行ってきまーす@那覇 泊港 泊ふ頭旅客ターミナル とまりん https://t.co/vO562TmcjW",0,0,Photo1,http://pbs.twimg.com/media/FYz0OyKUUAApThq.jpg,"九州南部,奄美のみなさまは台風第5号接近による大雨や落雷突風土砂災害や低地の浸水河川の増水に注意してねー　では出勤★行ってきまーす　泊港　泊ふ頭旅客ターミナル　とまりん　",Row_008,大雨,名詞,一般,*,*,*,*,大雨,8,15,,,大雨,大雨,や,や,名詞,サ変接続,大雨や,FALSE,大雨落雷,TRUE,277,1,13,大雨,13,落雷,1
1552884509938372609,naepyan,2022-07-29 14:11:33,1552884509938372609,2022-07-29T05:11:33Z,"九州南部,奄美のみなさまは台風第5号接近による大雨や落雷突風土砂災害や低地の浸水河川の増水に注意してねー
では出勤★行ってきまーす@那覇 泊港 泊ふ頭旅客ターミナル とまりん https://t.co/vO562TmcjW",0,0,Photo1,http://pbs.twimg.com/media/FYz0OyKUUAApThq.jpg,"九州南部,奄美のみなさまは台風第5号接近による大雨や落雷突風土砂災害や低地の浸水河川の増水に注意してねー　では出勤★行ってきまーす　泊港　泊ふ頭旅客ターミナル　とまりん　",Row_008,落雷,名詞,サ変接続,*,*,*,*,落雷,8,17,,,落雷,落雷,突風,突風,名詞,一般,落雷突風,FALSE,落雷突風,TRUE,279,1,1,落雷,1,突風,1
1552884509938372609,naepyan,2022-07-29 14:11:33,1552884509938372609,2022-07-29T05:11:33Z,"九州南部,奄美のみなさまは台風第5号接近による大雨や落雷突風土砂災害や低地の浸水河川の増水に注意してねー
では出勤★行ってきまーす@那覇 泊港 泊ふ頭旅客ターミナル とまりん https://t.co/vO562TmcjW",0,0,Photo1,http://pbs.twimg.com/media/FYz0OyKUUAApThq.jpg,"九州南部,奄美のみなさまは台風第5号接近による大雨や落雷突風土砂災害や低地の浸水河川の増水に注意してねー　では出勤★行ってきまーす　泊港　泊ふ頭旅客ターミナル　とまりん　",Row_008,突風,名詞,一般,*,*,*,*,突風,8,18,,,突風,突風,土砂,土砂,名詞,一般,突風土砂,FALSE,突風土砂,TRUE,280,1,1,突風,1,土砂,1
1552884509938372609,naepyan,2022-07-29 14:11:33,1552884509938372609,2022-07-29T05:11:33Z,"九州南部,奄美のみなさまは台風第5号接近による大雨や落雷突風土砂災害や低地の浸水河川の増水に注意してねー
では出勤★行ってきまーす@那覇 泊港 泊ふ頭旅客ターミナル とまりん https://t.co/vO562TmcjW",0,0,Photo1,http://pbs.twimg.com/media/FYz0OyKUUAApThq.jpg,"九州南部,奄美のみなさまは台風第5号接近による大雨や落雷突風土砂災害や低地の浸水河川の増水に注意してねー　では出勤★行ってきまーす　泊港　泊ふ頭旅客ターミナル　とまりん　",Row_008,土砂,名詞,一般,*,*,*,*,土砂,8,19,,,土砂,土砂,災害,災害,名詞,一般,土砂災害,FALSE,土砂災害,TRUE,281,1,1,土砂,1,災害,2
1552884509938372609,naepyan,2022-07-29 14:11:33,1552884509938372609,2022-07-29T05:11:33Z,"九州南部,奄美のみなさまは台風第5号接近による大雨や落雷突風土砂災害や低地の浸水河川の増水に注意してねー
では出勤★行ってきまーす@那覇 泊港 泊ふ頭旅客ターミナル とまりん https://t.co/vO562TmcjW",0,0,Photo1,http://pbs.twimg.com/media/FYz0OyKUUAApThq.jpg,"九州南部,奄美のみなさまは台風第5号接近による大雨や落雷突風土砂災害や低地の浸水河川の増水に注意してねー　では出勤★行ってきまーす　泊港　泊ふ頭旅客ターミナル　とまりん　",Row_008,災害,名詞,一般,*,*,*,*,災害,8,20,,,災害,災害,や,や,名詞,一般,災害や,FALSE,災害低地,TRUE,282,1,2,災害,2,低地,1
1552884509938372609,naepyan,2022-07-29 14:11:33,1552884509938372609,2022-07-29T05:11:33Z,"九州南部,奄美のみなさまは台風第5号接近による大雨や落雷突風土砂災害や低地の浸水河川の増水に注意してねー
では出勤★行ってきまーす@那覇 泊港 泊ふ頭旅客ターミナル とまりん https://t.co/vO562TmcjW",0,0,Photo1,http://pbs.twimg.com/media/FYz0OyKUUAApThq.jpg,"九州南部,奄美のみなさまは台風第5号接近による大雨や落雷突風土砂災害や低地の浸水河川の増水に注意してねー　では出勤★行ってきまーす　泊港　泊ふ頭旅客ターミナル　とまりん　",Row_008,低地,名詞,一般,*,*,*,*,低地,8,22,,,低地,低地,の,の,名詞,サ変接続,低地の,FALSE,低地浸水,TRUE,284,1,1,低地,1,浸水,1
1552884509938372609,naepyan,2022-07-29 14:11:33,1552884509938372609,2022-07-29T05:11:33Z,"九州南部,奄美のみなさまは台風第5号接近による大雨や落雷突風土砂災害や低地の浸水河川の増水に注意してねー
では出勤★行ってきまーす@那覇 泊港 泊ふ頭旅客ターミナル とまりん https://t.co/vO562TmcjW",0,0,Photo1,http://pbs.twimg.com/media/FYz0OyKUUAApThq.jpg,"九州南部,奄美のみなさまは台風第5号接近による大雨や落雷突風土砂災害や低地の浸水河川の増水に注意してねー　では出勤★行ってきまーす　泊港　泊ふ頭旅客ターミナル　とまりん　",Row_008,浸水,名詞,サ変接続,*,*,*,*,浸水,8,24,,,浸水,浸水,河川,河川,名詞,一般,浸水河川,FALSE,浸水河川,TRUE,286,1,1,浸水,1,河川,1
1552884509938372609,naepyan,2022-07-29 14:11:33,1552884509938372609,2022-07-29T05:11:33Z,"九州南部,奄美のみなさまは台風第5号接近による大雨や落雷突風土砂災害や低地の浸水河川の増水に注意してねー
では出勤★行ってきまーす@那覇 泊港 泊ふ頭旅客ターミナル とまりん https://t.co/vO562TmcjW",0,0,Photo1,http://pbs.twimg.com/media/FYz0OyKUUAApThq.jpg,"九州南部,奄美のみなさまは台風第5号接近による大雨や落雷突風土砂災害や低地の浸水河川の増水に注意してねー　では出勤★行ってきまーす　泊港　泊ふ頭旅客ターミナル　とまりん　",Row_008,河川,名詞,一般,*,*,*,*,河川,8,25,,,河川,河川,の,の,名詞,サ変接続,河川の,FALSE,河川増水,TRUE,287,1,1,河川,1,増水,1
1552884509938372609,naepyan,2022-07-29 14:11:33,1552884509938372609,2022-07-29T05:11:33Z,"九州南部,奄美のみなさまは台風第5号接近による大雨や落雷突風土砂災害や低地の浸水河川の増水に注意してねー
では出勤★行ってきまーす@那覇 泊港 泊ふ頭旅客ターミナル とまりん https://t.co/vO562TmcjW",0,0,Photo1,http://pbs.twimg.com/media/FYz0OyKUUAApThq.jpg,"九州南部,奄美のみなさまは台風第5号接近による大雨や落雷突風土砂災害や低地の浸水河川の増水に注意してねー　では出勤★行ってきまーす　泊港　泊ふ頭旅客ターミナル　とまりん　",Row_008,増水,名詞,サ変接続,*,*,*,*,増水,8,27,,,増水,増水,に,に,名詞,サ変接続,増水に,FALSE,増水注意,TRUE,289,1,1,増水,1,注意,3
1552884509938372609,naepyan,2022-07-29 14:11:33,1552884509938372609,2022-07-29T05:11:33Z,"九州南部,奄美のみなさまは台風第5号接近による大雨や落雷突風土砂災害や低地の浸水河川の増水に注意してねー
では出勤★行ってきまーす@那覇 泊港 泊ふ頭旅客ターミナル とまりん https://t.co/vO562TmcjW",0,0,Photo1,http://pbs.twimg.com/media/FYz0OyKUUAApThq.jpg,"九州南部,奄美のみなさまは台風第5号接近による大雨や落雷突風土砂災害や低地の浸水河川の増水に注意してねー　では出勤★行ってきまーす　泊港　泊ふ頭旅客ターミナル　とまりん　",Row_008,注意,名詞,サ変接続,*,*,*,*,注意,8,29,,,注意,注意,してねー,する,名詞,サ変接続,注意してねー,FALSE,注意出勤,TRUE,291,1,3,注意,3,出勤,1
1552884509938372609,naepyan,2022-07-29 14:11:33,1552884509938372609,2022-07-29T05:11:33Z,"九州南部,奄美のみなさまは台風第5号接近による大雨や落雷突風土砂災害や低地の浸水河川の増水に注意してねー
では出勤★行ってきまーす@那覇 泊港 泊ふ頭旅客ターミナル とまりん https://t.co/vO562TmcjW",0,0,Photo1,http://pbs.twimg.com/media/FYz0OyKUUAApThq.jpg,"九州南部,奄美のみなさまは台風第5号接近による大雨や落雷突風土砂災害や低地の浸水河川の増水に注意してねー　では出勤★行ってきまーす　泊港　泊ふ頭旅客ターミナル　とまりん　",Row_008,出勤,名詞,サ変接続,*,*,*,*,出勤,8,35,,,出勤,出勤,★,★,名詞,一般,出勤★,FALSE,出勤ー,TRUE,295,1,1,出勤,1,ー,1
1552884509938372609,naepyan,2022-07-29 14:11:33,1552884509938372609,2022-07-29T05:11:33Z,"九州南部,奄美のみなさまは台風第5号接近による大雨や落雷突風土砂災害や低地の浸水河川の増水に注意してねー
では出勤★行ってきまーす@那覇 泊港 泊ふ頭旅客ターミナル とまりん https://t.co/vO562TmcjW",0,0,Photo1,http://pbs.twimg.com/media/FYz0OyKUUAApThq.jpg,"九州南部,奄美のみなさまは台風第5号接近による大雨や落雷突風土砂災害や低地の浸水河川の増水に注意してねー　では出勤★行ってきまーす　泊港　泊ふ頭旅客ターミナル　とまりん　",Row_008,ー,名詞,一般,*,*,*,*,ー,8,41,,,ー,ー,す,する,名詞,固有名詞,ーす,FALSE,ー泊港,TRUE,299,1,1,ー,1,泊港,1
1552884509938372609,naepyan,2022-07-29 14:11:33,1552884509938372609,2022-07-29T05:11:33Z,"九州南部,奄美のみなさまは台風第5号接近による大雨や落雷突風土砂災害や低地の浸水河川の増水に注意してねー
では出勤★行ってきまーす@那覇 泊港 泊ふ頭旅客ターミナル とまりん https://t.co/vO562TmcjW",0,0,Photo1,http://pbs.twimg.com/media/FYz0OyKUUAApThq.jpg,"九州南部,奄美のみなさまは台風第5号接近による大雨や落雷突風土砂災害や低地の浸水河川の増水に注意してねー　では出勤★行ってきまーす　泊港　泊ふ頭旅客ターミナル　とまりん　",Row_008,泊,名詞,固有名詞,地域,一般,*,*,泊,8,44,,,泊,泊港,　,　,名詞,固有名詞,泊港　,FALSE,泊港泊,TRUE,302,1,1,泊港,1,泊,1
1552884509938372609,naepyan,2022-07-29 14:11:33,1552884509938372609,2022-07-29T05:11:33Z,"九州南部,奄美のみなさまは台風第5号接近による大雨や落雷突風土砂災害や低地の浸水河川の増水に注意してねー
では出勤★行ってきまーす@那覇 泊港 泊ふ頭旅客ターミナル とまりん https://t.co/vO562TmcjW",0,0,Photo1,http://pbs.twimg.com/media/FYz0OyKUUAApThq.jpg,"九州南部,奄美のみなさまは台風第5号接近による大雨や落雷突風土砂災害や低地の浸水河川の増水に注意してねー　では出勤★行ってきまーす　泊港　泊ふ頭旅客ターミナル　とまりん　",Row_008,泊,名詞,固有名詞,人名,姓,*,*,泊,8,47,,,泊,泊,ふ頭,ふ頭,名詞,一般,泊ふ頭,FALSE,泊ふ頭,TRUE,304,1,1,泊,1,ふ頭,1
1552884509938372609,naepyan,2022-07-29 14:11:33,1552884509938372609,2022-07-29T05:11:33Z,"九州南部,奄美のみなさまは台風第5号接近による大雨や落雷突風土砂災害や低地の浸水河川の増水に注意してねー
では出勤★行ってきまーす@那覇 泊港 泊ふ頭旅客ターミナル とまりん https://t.co/vO562TmcjW",0,0,Photo1,http://pbs.twimg.com/media/FYz0OyKUUAApThq.jpg,"九州南部,奄美のみなさまは台風第5号接近による大雨や落雷突風土砂災害や低地の浸水河川の増水に注意してねー　では出勤★行ってきまーす　泊港　泊ふ頭旅客ターミナル　とまりん　",Row_008,ふ頭,名詞,一般,*,*,*,*,ふ頭,8,48,,,ふ頭,ふ頭,旅客,旅客,名詞,一般,ふ頭旅客,FALSE,ふ頭旅客,TRUE,305,1,1,ふ頭,1,旅客,1
1552884509938372609,naepyan,2022-07-29 14:11:33,1552884509938372609,2022-07-29T05:11:33Z,"九州南部,奄美のみなさまは台風第5号接近による大雨や落雷突風土砂災害や低地の浸水河川の増水に注意してねー
では出勤★行ってきまーす@那覇 泊港 泊ふ頭旅客ターミナル とまりん https://t.co/vO562TmcjW",0,0,Photo1,http://pbs.twimg.com/media/FYz0OyKUUAApThq.jpg,"九州南部,奄美のみなさまは台風第5号接近による大雨や落雷突風土砂災害や低地の浸水河川の増水に注意してねー　では出勤★行ってきまーす　泊港　泊ふ頭旅客ターミナル　とまりん　",Row_008,旅客,名詞,一般,*,*,*,*,旅客,8,49,,,旅客,旅客,ターミナル,ターミナル,名詞,一般,旅客ターミナル,FALSE,旅客ターミナル,TRUE,306,1,1,旅客,1,ターミナル,1
1552884509938372609,naepyan,2022-07-29 14:11:33,1552884509938372609,2022-07-29T05:11:33Z,"九州南部,奄美のみなさまは台風第5号接近による大雨や落雷突風土砂災害や低地の浸水河川の増水に注意してねー
では出勤★行ってきまーす@那覇 泊港 泊ふ頭旅客ターミナル とまりん https://t.co/vO562TmcjW",0,0,Photo1,http://pbs.twimg.com/media/FYz0OyKUUAApThq.jpg,"九州南部,奄美のみなさまは台風第5号接近による大雨や落雷突風土砂災害や低地の浸水河川の増水に注意してねー　では出勤★行ってきまーす　泊港　泊ふ頭旅客ターミナル　とまりん　",Row_008,ターミナル,名詞,一般,*,*,*,*,ターミナル,8,50,,,ターミナル,ターミナル,　,　,,,ターミナル　,FALSE,ターミナルNA,TRUE,307,1,1,ターミナル,1,,
1552886001131192320,ichidoureysol,2022-07-29 14:17:28,1552886001131192320,2022-07-29T05:17:28Z,こんにちは。遅くなりましたが、28日21時頃に台風5号Songdaソングダーが発生していました。ソングダーはベトナム提案の北西ベトナムを流れる河川名です。現在は黄海に向けて進んでいるようですが、周囲の雨雲が鹿児島県奄美地方や沖縄県の一部に大雨を降らせているようです。注視します。 https://t.co/FGiVtP27I6 https://t.co/VUXVLk4ulX,0,0,Photo1,http://pbs.twimg.com/media/FYz1lW-acAAGQRW.jpg,こんにちは。遅くなりましたが、28日21時頃に台風5号Songdaソングダーが発生していました。ソングダーはベトナム提案の北西ベトナムを流れる河川名です。現在は黄海に向けて進んでいるようですが、周囲の雨雲が鹿児島県奄美地方や沖縄県の一部に大雨を降らせているようです。注視します。　　,Row_009,遅く,形容詞,自立,*,*,形容詞・アウオ段,連用テ接続,遅い,9,4,,,遅く,遅く,なりましたが,なる,名詞,数,遅くなりましたが,FALSE,遅く28日21時頃,TRUE,315,1,1,遅く,1,28日21時頃,1
1552886001131192320,ichidoureysol,2022-07-29 14:17:28,1552886001131192320,2022-07-29T05:17:28Z,こんにちは。遅くなりましたが、28日21時頃に台風5号Songdaソングダーが発生していました。ソングダーはベトナム提案の北西ベトナムを流れる河川名です。現在は黄海に向けて進んでいるようですが、周囲の雨雲が鹿児島県奄美地方や沖縄県の一部に大雨を降らせているようです。注視します。 https://t.co/FGiVtP27I6 https://t.co/VUXVLk4ulX,0,0,Photo1,http://pbs.twimg.com/media/FYz1lW-acAAGQRW.jpg,こんにちは。遅くなりましたが、28日21時頃に台風5号Songdaソングダーが発生していました。ソングダーはベトナム提案の北西ベトナムを流れる河川名です。現在は黄海に向けて進んでいるようですが、周囲の雨雲が鹿児島県奄美地方や沖縄県の一部に大雨を降らせているようです。注視します。　　,Row_009,28,名詞,数,*,*,*,*,28,9,10,,,28,28日21時頃,に,に,名詞,一般,28日21時頃に,FALSE,28日21時頃台風,TRUE,318,1,1,28日21時頃,1,台風,8
1552886001131192320,ichidoureysol,2022-07-29 14:17:28,1552886001131192320,2022-07-29T05:17:28Z,こんにちは。遅くなりましたが、28日21時頃に台風5号Songdaソングダーが発生していました。ソングダーはベトナム提案の北西ベトナムを流れる河川名です。現在は黄海に向けて進んでいるようですが、周囲の雨雲が鹿児島県奄美地方や沖縄県の一部に大雨を降らせているようです。注視します。 https://t.co/FGiVtP27I6 https://t.co/VUXVLk4ulX,0,0,Photo1,http://pbs.twimg.com/media/FYz1lW-acAAGQRW.jpg,こんにちは。遅くなりましたが、28日21時頃に台風5号Songdaソングダーが発生していました。ソングダーはベトナム提案の北西ベトナムを流れる河川名です。現在は黄海に向けて進んでいるようですが、周囲の雨雲が鹿児島県奄美地方や沖縄県の一部に大雨を降らせているようです。注視します。　　,Row_009,台風,名詞,一般,*,*,*,*,台風,9,16,,,台風,台風,5号,5,名詞,数,台風5号,FALSE,台風5号,TRUE,320,1,8,台風,8,5号,6
1552886001131192320,ichidoureysol,2022-07-29 14:17:28,1552886001131192320,2022-07-29T05:17:28Z,こんにちは。遅くなりましたが、28日21時頃に台風5号Songdaソングダーが発生していました。ソングダーはベトナム提案の北西ベトナムを流れる河川名です。現在は黄海に向けて進んでいるようですが、周囲の雨雲が鹿児島県奄美地方や沖縄県の一部に大雨を降らせているようです。注視します。 https://t.co/FGiVtP27I6 https://t.co/VUXVLk4ulX,0,0,Photo1,http://pbs.twimg.com/media/FYz1lW-acAAGQRW.jpg,こんにちは。遅くなりましたが、28日21時頃に台風5号Songdaソングダーが発生していました。ソングダーはベトナム提案の北西ベトナムを流れる河川名です。現在は黄海に向けて進んでいるようですが、周囲の雨雲が鹿児島県奄美地方や沖縄県の一部に大雨を降らせているようです。注視します。　　,Row_009,5,名詞,数,*,*,*,*,5,9,17,,,5,5号,Songda,Songda,名詞,一般,5号Songda,FALSE,5号Songda,TRUE,321,1,6,5号,6,Songda,1
1552886001131192320,ichidoureysol,2022-07-29 14:17:28,1552886001131192320,2022-07-29T05:17:28Z,こんにちは。遅くなりましたが、28日21時頃に台風5号Songdaソングダーが発生していました。ソングダーはベトナム提案の北西ベトナムを流れる河川名です。現在は黄海に向けて進んでいるようですが、周囲の雨雲が鹿児島県奄美地方や沖縄県の一部に大雨を降らせているようです。注視します。 https://t.co/FGiVtP27I6 https://t.co/VUXVLk4ulX,0,0,Photo1,http://pbs.twimg.com/media/FYz1lW-acAAGQRW.jpg,こんにちは。遅くなりましたが、28日21時頃に台風5号Songdaソングダーが発生していました。ソングダーはベトナム提案の北西ベトナムを流れる河川名です。現在は黄海に向けて進んでいるようですが、周囲の雨雲が鹿児島県奄美地方や沖縄県の一部に大雨を降らせているようです。注視します。　　,Row_009,Songda,名詞,一般,*,*,*,*,Songda,9,19,,,Songda,Songda,ソングダー,ソングダー,名詞,一般,Songdaソングダー,FALSE,Songdaソングダー,TRUE,322,1,1,Songda,1,ソングダー,2
1552886001131192320,ichidoureysol,2022-07-29 14:17:28,1552886001131192320,2022-07-29T05:17:28Z,こんにちは。遅くなりましたが、28日21時頃に台風5号Songdaソングダーが発生していました。ソングダーはベトナム提案の北西ベトナムを流れる河川名です。現在は黄海に向けて進んでいるようですが、周囲の雨雲が鹿児島県奄美地方や沖縄県の一部に大雨を降らせているようです。注視します。 https://t.co/FGiVtP27I6 https://t.co/VUXVLk4ulX,0,0,Photo1,http://pbs.twimg.com/media/FYz1lW-acAAGQRW.jpg,こんにちは。遅くなりましたが、28日21時頃に台風5号Songdaソングダーが発生していました。ソングダーはベトナム提案の北西ベトナムを流れる河川名です。現在は黄海に向けて進んでいるようですが、周囲の雨雲が鹿児島県奄美地方や沖縄県の一部に大雨を降らせているようです。注視します。　　,Row_009,ソングダー,名詞,一般,*,*,*,*,ソングダー,9,20,,,ソングダー,ソングダー,が,が,名詞,サ変接続,ソングダーが,FALSE,ソングダー発生,TRUE,323,1,2,ソングダー,2,発生,1
1552886001131192320,ichidoureysol,2022-07-29 14:17:28,1552886001131192320,2022-07-29T05:17:28Z,こんにちは。遅くなりましたが、28日21時頃に台風5号Songdaソングダーが発生していました。ソングダーはベトナム提案の北西ベトナムを流れる河川名です。現在は黄海に向けて進んでいるようですが、周囲の雨雲が鹿児島県奄美地方や沖縄県の一部に大雨を降らせているようです。注視します。 https://t.co/FGiVtP27I6 https://t.co/VUXVLk4ulX,0,0,Photo1,http://pbs.twimg.com/media/FYz1lW-acAAGQRW.jpg,こんにちは。遅くなりましたが、28日21時頃に台風5号Songdaソングダーが発生していました。ソングダーはベトナム提案の北西ベトナムを流れる河川名です。現在は黄海に向けて進んでいるようですが、周囲の雨雲が鹿児島県奄美地方や沖縄県の一部に大雨を降らせているようです。注視します。　　,Row_009,発生,名詞,サ変接続,*,*,*,*,発生,9,22,,,発生,発生,していました,する,名詞,一般,発生していました,FALSE,発生ソングダー,TRUE,325,1,1,発生,1,ソングダー,2
1552886001131192320,ichidoureysol,2022-07-29 14:17:28,1552886001131192320,2022-07-29T05:17:28Z,こんにちは。遅くなりましたが、28日21時頃に台風5号Songdaソングダーが発生していました。ソングダーはベトナム提案の北西ベトナムを流れる河川名です。現在は黄海に向けて進んでいるようですが、周囲の雨雲が鹿児島県奄美地方や沖縄県の一部に大雨を降らせているようです。注視します。 https://t.co/FGiVtP27I6 https://t.co/VUXVLk4ulX,0,0,Photo1,http://pbs.twimg.com/media/FYz1lW-acAAGQRW.jpg,こんにちは。遅くなりましたが、28日21時頃に台風5号Songdaソングダーが発生していました。ソングダーはベトナム提案の北西ベトナムを流れる河川名です。現在は黄海に向けて進んでいるようですが、周囲の雨雲が鹿児島県奄美地方や沖縄県の一部に大雨を降らせているようです。注視します。　　,Row_009,ソングダー,名詞,一般,*,*,*,*,ソングダー,9,29,,,ソングダー,ソングダー,は,は,名詞,固有名詞,ソングダーは,FALSE,ソングダーベトナム,TRUE,328,1,2,ソングダー,2,ベトナム,2
1552886001131192320,ichidoureysol,2022-07-29 14:17:28,1552886001131192320,2022-07-29T05:17:28Z,こんにちは。遅くなりましたが、28日21時頃に台風5号Songdaソングダーが発生していました。ソングダーはベトナム提案の北西ベトナムを流れる河川名です。現在は黄海に向けて進んでいるようですが、周囲の雨雲が鹿児島県奄美地方や沖縄県の一部に大雨を降らせているようです。注視します。 https://t.co/FGiVtP27I6 https://t.co/VUXVLk4ulX,0,0,Photo1,http://pbs.twimg.com/media/FYz1lW-acAAGQRW.jpg,こんにちは。遅くなりましたが、28日21時頃に台風5号Songdaソングダーが発生していました。ソングダーはベトナム提案の北西ベトナムを流れる河川名です。現在は黄海に向けて進んでいるようですが、周囲の雨雲が鹿児島県奄美地方や沖縄県の一部に大雨を降らせているようです。注視します。　　,Row_009,ベトナム,名詞,固有名詞,地域,国,*,*,ベトナム,9,31,,,ベトナム,ベトナム,提案,提案,名詞,サ変接続,ベトナム提案,FALSE,ベトナム提案,TRUE,330,1,2,ベトナム,2,提案,1
1552886001131192320,ichidoureysol,2022-07-29 14:17:28,1552886001131192320,2022-07-29T05:17:28Z,こんにちは。遅くなりましたが、28日21時頃に台風5号Songdaソングダーが発生していました。ソングダーはベトナム提案の北西ベトナムを流れる河川名です。現在は黄海に向けて進んでいるようですが、周囲の雨雲が鹿児島県奄美地方や沖縄県の一部に大雨を降らせているようです。注視します。 https://t.co/FGiVtP27I6 https://t.co/VUXVLk4ulX,0,0,Photo1,http://pbs.twimg.com/media/FYz1lW-acAAGQRW.jpg,こんにちは。遅くなりましたが、28日21時頃に台風5号Songdaソングダーが発生していました。ソングダーはベトナム提案の北西ベトナムを流れる河川名です。現在は黄海に向けて進んでいるようですが、周囲の雨雲が鹿児島県奄美地方や沖縄県の一部に大雨を降らせているようです。注視します。　　,Row_009,提案,名詞,サ変接続,*,*,*,*,提案,9,32,,,提案,提案,の,の,名詞,一般,提案の,FALSE,提案北西,TRUE,331,1,1,提案,1,北西,1
1552886001131192320,ichidoureysol,2022-07-29 14:17:28,1552886001131192320,2022-07-29T05:17:28Z,こんにちは。遅くなりましたが、28日21時頃に台風5号Songdaソングダーが発生していました。ソングダーはベトナム提案の北西ベトナムを流れる河川名です。現在は黄海に向けて進んでいるようですが、周囲の雨雲が鹿児島県奄美地方や沖縄県の一部に大雨を降らせているようです。注視します。 https://t.co/FGiVtP27I6 https://t.co/VUXVLk4ulX,0,0,Photo1,http://pbs.twimg.com/media/FYz1lW-acAAGQRW.jpg,こんにちは。遅くなりましたが、28日21時頃に台風5号Songdaソングダーが発生していました。ソングダーはベトナム提案の北西ベトナムを流れる河川名です。現在は黄海に向けて進んでいるようですが、周囲の雨雲が鹿児島県奄美地方や沖縄県の一部に大雨を降らせているようです。注視します。　　,Row_009,北西,名詞,一般,*,*,*,*,北西,9,34,,,北西,北西,ベトナム,ベトナム,名詞,固有名詞,北西ベトナム,FALSE,北西ベトナム,TRUE,333,1,1,北西,1,ベトナム,2
1552886001131192320,ichidoureysol,2022-07-29 14:17:28,1552886001131192320,2022-07-29T05:17:28Z,こんにちは。遅くなりましたが、28日21時頃に台風5号Songdaソングダーが発生していました。ソングダーはベトナム提案の北西ベトナムを流れる河川名です。現在は黄海に向けて進んでいるようですが、周囲の雨雲が鹿児島県奄美地方や沖縄県の一部に大雨を降らせているようです。注視します。 https://t.co/FGiVtP27I6 https://t.co/VUXVLk4ulX,0,0,Photo1,http://pbs.twimg.com/media/FYz1lW-acAAGQRW.jpg,こんにちは。遅くなりましたが、28日21時頃に台風5号Songdaソングダーが発生していました。ソングダーはベトナム提案の北西ベトナムを流れる河川名です。現在は黄海に向けて進んでいるようですが、周囲の雨雲が鹿児島県奄美地方や沖縄県の一部に大雨を降らせているようです。注視します。　　,Row_009,ベトナム,名詞,固有名詞,地域,国,*,*,ベトナム,9,35,,,ベトナム,ベトナム,を,を,名詞,一般,ベトナムを,FALSE,ベトナム河川名,TRUE,334,1,2,ベトナム,2,河川名,1
1552886001131192320,ichidoureysol,2022-07-29 14:17:28,1552886001131192320,2022-07-29T05:17:28Z,こんにちは。遅くなりましたが、28日21時頃に台風5号Songdaソングダーが発生していました。ソングダーはベトナム提案の北西ベトナムを流れる河川名です。現在は黄海に向けて進んでいるようですが、周囲の雨雲が鹿児島県奄美地方や沖縄県の一部に大雨を降らせているようです。注視します。 https://t.co/FGiVtP27I6 https://t.co/VUXVLk4ulX,0,0,Photo1,http://pbs.twimg.com/media/FYz1lW-acAAGQRW.jpg,こんにちは。遅くなりましたが、28日21時頃に台風5号Songdaソングダーが発生していました。ソングダーはベトナム提案の北西ベトナムを流れる河川名です。現在は黄海に向けて進んでいるようですが、周囲の雨雲が鹿児島県奄美地方や沖縄県の一部に大雨を降らせているようです。注視します。　　,Row_009,河川,名詞,一般,*,*,*,*,河川,9,38,,,河川,河川名,です,です,名詞,副詞可能,河川名です,FALSE,河川名現在,TRUE,337,1,1,河川名,1,現在,1
1552886001131192320,ichidoureysol,2022-07-29 14:17:28,1552886001131192320,2022-07-29T05:17:28Z,こんにちは。遅くなりましたが、28日21時頃に台風5号Songdaソングダーが発生していました。ソングダーはベトナム提案の北西ベトナムを流れる河川名です。現在は黄海に向けて進んでいるようですが、周囲の雨雲が鹿児島県奄美地方や沖縄県の一部に大雨を降らせているようです。注視します。 https://t.co/FGiVtP27I6 https://t.co/VUXVLk4ulX,0,0,Photo1,http://pbs.twimg.com/media/FYz1lW-acAAGQRW.jpg,こんにちは。遅くなりましたが、28日21時頃に台風5号Songdaソングダーが発生していました。ソングダーはベトナム提案の北西ベトナムを流れる河川名です。現在は黄海に向けて進んでいるようですが、周囲の雨雲が鹿児島県奄美地方や沖縄県の一部に大雨を降らせているようです。注視します。　　,Row_009,現在,名詞,副詞可能,*,*,*,*,現在,9,42,,,現在,現在,は,は,名詞,固有名詞,現在は,FALSE,現在黄海,TRUE,340,1,1,現在,1,黄海,1
1552886001131192320,ichidoureysol,2022-07-29 14:17:28,1552886001131192320,2022-07-29T05:17:28Z,こんにちは。遅くなりましたが、28日21時頃に台風5号Songdaソングダーが発生していました。ソングダーはベトナム提案の北西ベトナムを流れる河川名です。現在は黄海に向けて進んでいるようですが、周囲の雨雲が鹿児島県奄美地方や沖縄県の一部に大雨を降らせているようです。注視します。 https://t.co/FGiVtP27I6 https://t.co/VUXVLk4ulX,0,0,Photo1,http://pbs.twimg.com/media/FYz1lW-acAAGQRW.jpg,こんにちは。遅くなりましたが、28日21時頃に台風5号Songdaソングダーが発生していました。ソングダーはベトナム提案の北西ベトナムを流れる河川名です。現在は黄海に向けて進んでいるようですが、周囲の雨雲が鹿児島県奄美地方や沖縄県の一部に大雨を降らせているようです。注視します。　　,Row_009,黄海,名詞,固有名詞,地域,一般,*,*,黄海,9,44,,,黄海,黄海,に,に,名詞,一般,黄海に,FALSE,黄海周囲,TRUE,342,1,1,黄海,1,周囲,1
1552886001131192320,ichidoureysol,2022-07-29 14:17:28,1552886001131192320,2022-07-29T05:17:28Z,こんにちは。遅くなりましたが、28日21時頃に台風5号Songdaソングダーが発生していました。ソングダーはベトナム提案の北西ベトナムを流れる河川名です。現在は黄海に向けて進んでいるようですが、周囲の雨雲が鹿児島県奄美地方や沖縄県の一部に大雨を降らせているようです。注視します。 https://t.co/FGiVtP27I6 https://t.co/VUXVLk4ulX,0,0,Photo1,http://pbs.twimg.com/media/FYz1lW-acAAGQRW.jpg,こんにちは。遅くなりましたが、28日21時頃に台風5号Songdaソングダーが発生していました。ソングダーはベトナム提案の北西ベトナムを流れる河川名です。現在は黄海に向けて進んでいるようですが、周囲の雨雲が鹿児島県奄美地方や沖縄県の一部に大雨を降らせているようです。注視します。　　,Row_009,周囲,名詞,一般,*,*,*,*,周囲,9,55,,,周囲,周囲,の,の,名詞,一般,周囲の,FALSE,周囲雨雲,TRUE,350,1,1,周囲,1,雨雲,1
1552886001131192320,ichidoureysol,2022-07-29 14:17:28,1552886001131192320,2022-07-29T05:17:28Z,こんにちは。遅くなりましたが、28日21時頃に台風5号Songdaソングダーが発生していました。ソングダーはベトナム提案の北西ベトナムを流れる河川名です。現在は黄海に向けて進んでいるようですが、周囲の雨雲が鹿児島県奄美地方や沖縄県の一部に大雨を降らせているようです。注視します。 https://t.co/FGiVtP27I6 https://t.co/VUXVLk4ulX,0,0,Photo1,http://pbs.twimg.com/media/FYz1lW-acAAGQRW.jpg,こんにちは。遅くなりましたが、28日21時頃に台風5号Songdaソングダーが発生していました。ソングダーはベトナム提案の北西ベトナムを流れる河川名です。現在は黄海に向けて進んでいるようですが、周囲の雨雲が鹿児島県奄美地方や沖縄県の一部に大雨を降らせているようです。注視します。　　,Row_009,雨雲,名詞,一般,*,*,*,*,雨雲,9,57,,,雨雲,雨雲,が,が,名詞,固有名詞,雨雲が,FALSE,雨雲鹿児島県,TRUE,352,1,1,雨雲,1,鹿児島県,2
1552886001131192320,ichidoureysol,2022-07-29 14:17:28,1552886001131192320,2022-07-29T05:17:28Z,こんにちは。遅くなりましたが、28日21時頃に台風5号Songdaソングダーが発生していました。ソングダーはベトナム提案の北西ベトナムを流れる河川名です。現在は黄海に向けて進んでいるようですが、周囲の雨雲が鹿児島県奄美地方や沖縄県の一部に大雨を降らせているようです。注視します。 https://t.co/FGiVtP27I6 https://t.co/VUXVLk4ulX,0,0,Photo1,http://pbs.twimg.com/media/FYz1lW-acAAGQRW.jpg,こんにちは。遅くなりましたが、28日21時頃に台風5号Songdaソングダーが発生していました。ソングダーはベトナム提案の北西ベトナムを流れる河川名です。現在は黄海に向けて進んでいるようですが、周囲の雨雲が鹿児島県奄美地方や沖縄県の一部に大雨を降らせているようです。注視します。　　,Row_009,鹿児島,名詞,固有名詞,地域,一般,*,*,鹿児島,9,59,,,鹿児島,鹿児島県,奄美,奄美,名詞,固有名詞,鹿児島県奄美,FALSE,鹿児島県奄美,TRUE,354,1,2,鹿児島県,2,奄美,5
1552886001131192320,ichidoureysol,2022-07-29 14:17:28,1552886001131192320,2022-07-29T05:17:28Z,こんにちは。遅くなりましたが、28日21時頃に台風5号Songdaソングダーが発生していました。ソングダーはベトナム提案の北西ベトナムを流れる河川名です。現在は黄海に向けて進んでいるようですが、周囲の雨雲が鹿児島県奄美地方や沖縄県の一部に大雨を降らせているようです。注視します。 https://t.co/FGiVtP27I6 https://t.co/VUXVLk4ulX,0,0,Photo1,http://pbs.twimg.com/media/FYz1lW-acAAGQRW.jpg,こんにちは。遅くなりましたが、28日21時頃に台風5号Songdaソングダーが発生していました。ソングダーはベトナム提案の北西ベトナムを流れる河川名です。現在は黄海に向けて進んでいるようですが、周囲の雨雲が鹿児島県奄美地方や沖縄県の一部に大雨を降らせているようです。注視します。　　,Row_009,奄美,名詞,固有名詞,地域,一般,*,*,奄美,9,61,,,奄美,奄美,地方,地方,名詞,一般,奄美地方,FALSE,奄美地方,TRUE,355,1,5,奄美,5,地方,5
1552886001131192320,ichidoureysol,2022-07-29 14:17:28,1552886001131192320,2022-07-29T05:17:28Z,こんにちは。遅くなりましたが、28日21時頃に台風5号Songdaソングダーが発生していました。ソングダーはベトナム提案の北西ベトナムを流れる河川名です。現在は黄海に向けて進んでいるようですが、周囲の雨雲が鹿児島県奄美地方や沖縄県の一部に大雨を降らせているようです。注視します。 https://t.co/FGiVtP27I6 https://t.co/VUXVLk4ulX,0,0,Photo1,http://pbs.twimg.com/media/FYz1lW-acAAGQRW.jpg,こんにちは。遅くなりましたが、28日21時頃に台風5号Songdaソングダーが発生していました。ソングダーはベトナム提案の北西ベトナムを流れる河川名です。現在は黄海に向けて進んでいるようですが、周囲の雨雲が鹿児島県奄美地方や沖縄県の一部に大雨を降らせているようです。注視します。　　,Row_009,地方,名詞,一般,*,*,*,*,地方,9,62,,,地方,地方,や,や,名詞,固有名詞,地方や,FALSE,地方沖縄県,TRUE,356,1,5,地方,5,沖縄県,1
1552886001131192320,ichidoureysol,2022-07-29 14:17:28,1552886001131192320,2022-07-29T05:17:28Z,こんにちは。遅くなりましたが、28日21時頃に台風5号Songdaソングダーが発生していました。ソングダーはベトナム提案の北西ベトナムを流れる河川名です。現在は黄海に向けて進んでいるようですが、周囲の雨雲が鹿児島県奄美地方や沖縄県の一部に大雨を降らせているようです。注視します。 https://t.co/FGiVtP27I6 https://t.co/VUXVLk4ulX,0,0,Photo1,http://pbs.twimg.com/media/FYz1lW-acAAGQRW.jpg,こんにちは。遅くなりましたが、28日21時頃に台風5号Songdaソングダーが発生していました。ソングダーはベトナム提案の北西ベトナムを流れる河川名です。現在は黄海に向けて進んでいるようですが、周囲の雨雲が鹿児島県奄美地方や沖縄県の一部に大雨を降らせているようです。注視します。　　,Row_009,沖縄,名詞,固有名詞,地域,一般,*,*,沖縄,9,64,,,沖縄,沖縄県,の,の,名詞,副詞可能,沖縄県の,FALSE,沖縄県一部,TRUE,358,1,1,沖縄県,1,一部,1
1552886001131192320,ichidoureysol,2022-07-29 14:17:28,1552886001131192320,2022-07-29T05:17:28Z,こんにちは。遅くなりましたが、28日21時頃に台風5号Songdaソングダーが発生していました。ソングダーはベトナム提案の北西ベトナムを流れる河川名です。現在は黄海に向けて進んでいるようですが、周囲の雨雲が鹿児島県奄美地方や沖縄県の一部に大雨を降らせているようです。注視します。 https://t.co/FGiVtP27I6 https://t.co/VUXVLk4ulX,0,0,Photo1,http://pbs.twimg.com/media/FYz1lW-acAAGQRW.jpg,こんにちは。遅くなりましたが、28日21時頃に台風5号Songdaソングダーが発生していました。ソングダーはベトナム提案の北西ベトナムを流れる河川名です。現在は黄海に向けて進んでいるようですが、周囲の雨雲が鹿児島県奄美地方や沖縄県の一部に大雨を降らせているようです。注視します。　　,Row_009,一部,名詞,副詞可能,*,*,*,*,一部,9,67,,,一部,一部,に,に,名詞,一般,一部に,FALSE,一部大雨,TRUE,360,1,1,一部,1,大雨,13
1552886001131192320,ichidoureysol,2022-07-29 14:17:28,1552886001131192320,2022-07-29T05:17:28Z,こんにちは。遅くなりましたが、28日21時頃に台風5号Songdaソングダーが発生していました。ソングダーはベトナム提案の北西ベトナムを流れる河川名です。現在は黄海に向けて進んでいるようですが、周囲の雨雲が鹿児島県奄美地方や沖縄県の一部に大雨を降らせているようです。注視します。 https://t.co/FGiVtP27I6 https://t.co/VUXVLk4ulX,0,0,Photo1,http://pbs.twimg.com/media/FYz1lW-acAAGQRW.jpg,こんにちは。遅くなりましたが、28日21時頃に台風5号Songdaソングダーが発生していました。ソングダーはベトナム提案の北西ベトナムを流れる河川名です。現在は黄海に向けて進んでいるようですが、周囲の雨雲が鹿児島県奄美地方や沖縄県の一部に大雨を降らせているようです。注視します。　　,Row_009,大雨,名詞,一般,*,*,*,*,大雨,9,69,,,大雨,大雨,を,を,名詞,サ変接続,大雨を,FALSE,大雨注視,TRUE,362,1,13,大雨,13,注視,1
1552886001131192320,ichidoureysol,2022-07-29 14:17:28,1552886001131192320,2022-07-29T05:17:28Z,こんにちは。遅くなりましたが、28日21時頃に台風5号Songdaソングダーが発生していました。ソングダーはベトナム提案の北西ベトナムを流れる河川名です。現在は黄海に向けて進んでいるようですが、周囲の雨雲が鹿児島県奄美地方や沖縄県の一部に大雨を降らせているようです。注視します。 https://t.co/FGiVtP27I6 https://t.co/VUXVLk4ulX,0,0,Photo1,http://pbs.twimg.com/media/FYz1lW-acAAGQRW.jpg,こんにちは。遅くなりましたが、28日21時頃に台風5号Songdaソングダーが発生していました。ソングダーはベトナム提案の北西ベトナムを流れる河川名です。現在は黄海に向けて進んでいるようですが、周囲の雨雲が鹿児島県奄美地方や沖縄県の一部に大雨を降らせているようです。注視します。　　,Row_009,注視,名詞,サ変接続,*,*,*,*,注視,9,78,,,注視,注視,します,する,,,注視します,FALSE,注視NA,TRUE,368,1,1,注視,1,,
1552886943695835138,bougensai_lvup,2022-07-29 14:21:13,1552886943695835138,2022-07-29T05:21:13Z,#台風5号 の接近により、鹿児島県や宮崎県では大雨が予想されています。十分な警戒が必要です。 https://t.co/zYRubpVM4X,0,0,Photo1,http://pbs.twimg.com/media/FYz2NmYVsAcHTRU.jpg,#台風5号　の接近により、鹿児島県や宮崎県では大雨が予想されています。十分な警戒が必要です。　,Row_010,台風,名詞,一般,*,*,*,*,台風,10,3,,,台風,台風5号,　,　,名詞,サ変接続,台風5号　,TRUE,台風5号接近,TRUE,376,1,1,台風5号,1,接近,6
1552886943695835138,bougensai_lvup,2022-07-29 14:21:13,1552886943695835138,2022-07-29T05:21:13Z,#台風5号 の接近により、鹿児島県や宮崎県では大雨が予想されています。十分な警戒が必要です。 https://t.co/zYRubpVM4X,0,0,Photo1,http://pbs.twimg.com/media/FYz2NmYVsAcHTRU.jpg,#台風5号　の接近により、鹿児島県や宮崎県では大雨が予想されています。十分な警戒が必要です。　,Row_010,接近,名詞,サ変接続,*,*,*,*,接近,10,8,,,接近,接近,により,により,名詞,固有名詞,接近により,FALSE,接近鹿児島県,TRUE,379,1,6,接近,6,鹿児島県,2
1552886943695835138,bougensai_lvup,2022-07-29 14:21:13,1552886943695835138,2022-07-29T05:21:13Z,#台風5号 の接近により、鹿児島県や宮崎県では大雨が予想されています。十分な警戒が必要です。 https://t.co/zYRubpVM4X,0,0,Photo1,http://pbs.twimg.com/media/FYz2NmYVsAcHTRU.jpg,#台風5号　の接近により、鹿児島県や宮崎県では大雨が予想されています。十分な警戒が必要です。　,Row_010,鹿児島,名詞,固有名詞,地域,一般,*,*,鹿児島,10,11,,,鹿児島,鹿児島県,や,や,名詞,固有名詞,鹿児島県や,FALSE,鹿児島県宮崎県,TRUE,382,1,2,鹿児島県,2,宮崎県,1
1552886943695835138,bougensai_lvup,2022-07-29 14:21:13,1552886943695835138,2022-07-29T05:21:13Z,#台風5号 の接近により、鹿児島県や宮崎県では大雨が予想されています。十分な警戒が必要です。 https://t.co/zYRubpVM4X,0,0,Photo1,http://pbs.twimg.com/media/FYz2NmYVsAcHTRU.jpg,#台風5号　の接近により、鹿児島県や宮崎県では大雨が予想されています。十分な警戒が必要です。　,Row_010,宮崎,名詞,固有名詞,地域,一般,*,*,宮崎,10,14,,,宮崎,宮崎県,で,で,名詞,一般,宮崎県で,FALSE,宮崎県大雨,TRUE,384,1,1,宮崎県,1,大雨,13
1552886943695835138,bougensai_lvup,2022-07-29 14:21:13,1552886943695835138,2022-07-29T05:21:13Z,#台風5号 の接近により、鹿児島県や宮崎県では大雨が予想されています。十分な警戒が必要です。 https://t.co/zYRubpVM4X,0,0,Photo1,http://pbs.twimg.com/media/FYz2NmYVsAcHTRU.jpg,#台風5号　の接近により、鹿児島県や宮崎県では大雨が予想されています。十分な警戒が必要です。　,Row_010,大雨,名詞,一般,*,*,*,*,大雨,10,18,,,大雨,大雨,が,が,名詞,サ変接続,大雨が,FALSE,大雨予想,TRUE,387,1,13,大雨,13,予想,2
1552886943695835138,bougensai_lvup,2022-07-29 14:21:13,1552886943695835138,2022-07-29T05:21:13Z,#台風5号 の接近により、鹿児島県や宮崎県では大雨が予想されています。十分な警戒が必要です。 https://t.co/zYRubpVM4X,0,0,Photo1,http://pbs.twimg.com/media/FYz2NmYVsAcHTRU.jpg,#台風5号　の接近により、鹿児島県や宮崎県では大雨が予想されています。十分な警戒が必要です。　,Row_010,予想,名詞,サ変接続,*,*,*,*,予想,10,20,,,予想,予想,されています,する,名詞,形容動詞語幹,予想されています,FALSE,予想十分,TRUE,389,1,2,予想,2,十分,1
1552886943695835138,bougensai_lvup,2022-07-29 14:21:13,1552886943695835138,2022-07-29T05:21:13Z,#台風5号 の接近により、鹿児島県や宮崎県では大雨が予想されています。十分な警戒が必要です。 https://t.co/zYRubpVM4X,0,0,Photo1,http://pbs.twimg.com/media/FYz2NmYVsAcHTRU.jpg,#台風5号　の接近により、鹿児島県や宮崎県では大雨が予想されています。十分な警戒が必要です。　,Row_010,十分,名詞,形容動詞語幹,*,*,*,*,十分,10,27,,,十分,十分,な,だ,名詞,サ変接続,十分な,FALSE,十分警戒,TRUE,392,1,1,十分,1,警戒,4
1552886943695835138,bougensai_lvup,2022-07-29 14:21:13,1552886943695835138,2022-07-29T05:21:13Z,#台風5号 の接近により、鹿児島県や宮崎県では大雨が予想されています。十分な警戒が必要です。 https://t.co/zYRubpVM4X,0,0,Photo1,http://pbs.twimg.com/media/FYz2NmYVsAcHTRU.jpg,#台風5号　の接近により、鹿児島県や宮崎県では大雨が予想されています。十分な警戒が必要です。　,Row_010,警戒,名詞,サ変接続,*,*,*,*,警戒,10,29,,,警戒,警戒,が,が,名詞,形容動詞語幹,警戒が,FALSE,警戒必要,TRUE,394,1,4,警戒,4,必要,1
1552886943695835138,bougensai_lvup,2022-07-29 14:21:13,1552886943695835138,2022-07-29T05:21:13Z,#台風5号 の接近により、鹿児島県や宮崎県では大雨が予想されています。十分な警戒が必要です。 https://t.co/zYRubpVM4X,0,0,Photo1,http://pbs.twimg.com/media/FYz2NmYVsAcHTRU.jpg,#台風5号　の接近により、鹿児島県や宮崎県では大雨が予想されています。十分な警戒が必要です。　,Row_010,必要,名詞,形容動詞語幹,*,*,*,*,必要,10,31,,,必要,必要,です,です,,,必要です,FALSE,必要NA,TRUE,396,1,1,必要,1,,
1552887963537010688,dmenu_tenki,2022-07-29 14:25:16,1552887963537010688,2022-07-29T05:25:16Z,"30日(土)は太平洋高気圧に覆われ、近畿から北海道にかけては晴れる所が多い見込みです。各地で厳しい暑さが続きます。
九州、四国、中国地方は台風5号の影響で曇りや雨となり、太平洋側では大雨のおそれがあります。
#天気 #天気予報
https://t.co/6n7ceWykmD https://t.co/F3zya1v15O",0,0,Photo1,http://pbs.twimg.com/media/FYz3XSzagAAO1cl.jpg,30日(土)は太平洋高気圧に覆われ、近畿から北海道にかけては晴れる所が多い見込みです。各地で厳しい暑さが続きます。　九州、四国、中国地方は台風5号の影響で曇りや雨となり、太平洋側では大雨のおそれがあります。　#天気　#天気予報　　,Row_011,30,名詞,数,*,*,*,*,30,11,2,,,30,30日,(,(,名詞,一般,30日(,FALSE,30日土,TRUE,402,1,1,30日,1,土,1
1552887963537010688,dmenu_tenki,2022-07-29 14:25:16,1552887963537010688,2022-07-29T05:25:16Z,"30日(土)は太平洋高気圧に覆われ、近畿から北海道にかけては晴れる所が多い見込みです。各地で厳しい暑さが続きます。
九州、四国、中国地方は台風5号の影響で曇りや雨となり、太平洋側では大雨のおそれがあります。
#天気 #天気予報
https://t.co/6n7ceWykmD https://t.co/F3zya1v15O",0,0,Photo1,http://pbs.twimg.com/media/FYz3XSzagAAO1cl.jpg,30日(土)は太平洋高気圧に覆われ、近畿から北海道にかけては晴れる所が多い見込みです。各地で厳しい暑さが続きます。　九州、四国、中国地方は台風5号の影響で曇りや雨となり、太平洋側では大雨のおそれがあります。　#天気　#天気予報　　,Row_011,土,名詞,一般,*,*,*,*,土,11,5,,,土,土,),),名詞,固有名詞,土),FALSE,土太平洋,TRUE,404,1,1,土,1,太平洋,1
1552887963537010688,dmenu_tenki,2022-07-29 14:25:16,1552887963537010688,2022-07-29T05:25:16Z,"30日(土)は太平洋高気圧に覆われ、近畿から北海道にかけては晴れる所が多い見込みです。各地で厳しい暑さが続きます。
九州、四国、中国地方は台風5号の影響で曇りや雨となり、太平洋側では大雨のおそれがあります。
#天気 #天気予報
https://t.co/6n7ceWykmD https://t.co/F3zya1v15O",0,0,Photo1,http://pbs.twimg.com/media/FYz3XSzagAAO1cl.jpg,30日(土)は太平洋高気圧に覆われ、近畿から北海道にかけては晴れる所が多い見込みです。各地で厳しい暑さが続きます。　九州、四国、中国地方は台風5号の影響で曇りや雨となり、太平洋側では大雨のおそれがあります。　#天気　#天気予報　　,Row_011,太平洋,名詞,固有名詞,地域,一般,*,*,太平洋,11,8,,,太平洋,太平洋,高気圧,高気圧,名詞,一般,太平洋高気圧,FALSE,太平洋高気圧,TRUE,407,1,1,太平洋,1,高気圧,1
1552887963537010688,dmenu_tenki,2022-07-29 14:25:16,1552887963537010688,2022-07-29T05:25:16Z,"30日(土)は太平洋高気圧に覆われ、近畿から北海道にかけては晴れる所が多い見込みです。各地で厳しい暑さが続きます。
九州、四国、中国地方は台風5号の影響で曇りや雨となり、太平洋側では大雨のおそれがあります。
#天気 #天気予報
https://t.co/6n7ceWykmD https://t.co/F3zya1v15O",0,0,Photo1,http://pbs.twimg.com/media/FYz3XSzagAAO1cl.jpg,30日(土)は太平洋高気圧に覆われ、近畿から北海道にかけては晴れる所が多い見込みです。各地で厳しい暑さが続きます。　九州、四国、中国地方は台風5号の影響で曇りや雨となり、太平洋側では大雨のおそれがあります。　#天気　#天気予報　　,Row_011,高気圧,名詞,一般,*,*,*,*,高気圧,11,9,,,高気圧,高気圧,に,に,名詞,固有名詞,高気圧に,FALSE,高気圧近畿,TRUE,408,1,1,高気圧,1,近畿,1
1552887963537010688,dmenu_tenki,2022-07-29 14:25:16,1552887963537010688,2022-07-29T05:25:16Z,"30日(土)は太平洋高気圧に覆われ、近畿から北海道にかけては晴れる所が多い見込みです。各地で厳しい暑さが続きます。
九州、四国、中国地方は台風5号の影響で曇りや雨となり、太平洋側では大雨のおそれがあります。
#天気 #天気予報
https://t.co/6n7ceWykmD https://t.co/F3zya1v15O",0,0,Photo1,http://pbs.twimg.com/media/FYz3XSzagAAO1cl.jpg,30日(土)は太平洋高気圧に覆われ、近畿から北海道にかけては晴れる所が多い見込みです。各地で厳しい暑さが続きます。　九州、四国、中国地方は台風5号の影響で曇りや雨となり、太平洋側では大雨のおそれがあります。　#天気　#天気予報　　,Row_011,近畿,名詞,固有名詞,地域,一般,*,*,近畿,11,14,,,近畿,近畿,から,から,名詞,固有名詞,近畿から,FALSE,近畿北海道,TRUE,412,1,1,近畿,1,北海道,1
1552887963537010688,dmenu_tenki,2022-07-29 14:25:16,1552887963537010688,2022-07-29T05:25:16Z,"30日(土)は太平洋高気圧に覆われ、近畿から北海道にかけては晴れる所が多い見込みです。各地で厳しい暑さが続きます。
九州、四国、中国地方は台風5号の影響で曇りや雨となり、太平洋側では大雨のおそれがあります。
#天気 #天気予報
https://t.co/6n7ceWykmD https://t.co/F3zya1v15O",0,0,Photo1,http://pbs.twimg.com/media/FYz3XSzagAAO1cl.jpg,30日(土)は太平洋高気圧に覆われ、近畿から北海道にかけては晴れる所が多い見込みです。各地で厳しい暑さが続きます。　九州、四国、中国地方は台風5号の影響で曇りや雨となり、太平洋側では大雨のおそれがあります。　#天気　#天気予報　　,Row_011,北海道,名詞,固有名詞,地域,一般,*,*,北海道,11,16,,,北海道,北海道,にかけて,にかけて,形容詞,自立,北海道にかけて,FALSE,北海道多い,TRUE,414,1,1,北海道,1,多い,1
1552887963537010688,dmenu_tenki,2022-07-29 14:25:16,1552887963537010688,2022-07-29T05:25:16Z,"30日(土)は太平洋高気圧に覆われ、近畿から北海道にかけては晴れる所が多い見込みです。各地で厳しい暑さが続きます。
九州、四国、中国地方は台風5号の影響で曇りや雨となり、太平洋側では大雨のおそれがあります。
#天気 #天気予報
https://t.co/6n7ceWykmD https://t.co/F3zya1v15O",0,0,Photo1,http://pbs.twimg.com/media/FYz3XSzagAAO1cl.jpg,30日(土)は太平洋高気圧に覆われ、近畿から北海道にかけては晴れる所が多い見込みです。各地で厳しい暑さが続きます。　九州、四国、中国地方は台風5号の影響で曇りや雨となり、太平洋側では大雨のおそれがあります。　#天気　#天気予報　　,Row_011,多い,形容詞,自立,*,*,形容詞・アウオ段,基本形,多い,11,22,,,多い,多い,見込み,見込み,名詞,一般,多い見込み,FALSE,多い見込み,TRUE,420,1,1,多い,1,見込み,1
1552887963537010688,dmenu_tenki,2022-07-29 14:25:16,1552887963537010688,2022-07-29T05:25:16Z,"30日(土)は太平洋高気圧に覆われ、近畿から北海道にかけては晴れる所が多い見込みです。各地で厳しい暑さが続きます。
九州、四国、中国地方は台風5号の影響で曇りや雨となり、太平洋側では大雨のおそれがあります。
#天気 #天気予報
https://t.co/6n7ceWykmD https://t.co/F3zya1v15O",0,0,Photo1,http://pbs.twimg.com/media/FYz3XSzagAAO1cl.jpg,30日(土)は太平洋高気圧に覆われ、近畿から北海道にかけては晴れる所が多い見込みです。各地で厳しい暑さが続きます。　九州、四国、中国地方は台風5号の影響で曇りや雨となり、太平洋側では大雨のおそれがあります。　#天気　#天気予報　　,Row_011,見込み,名詞,一般,*,*,*,*,見込み,11,23,,,見込み,見込み,です,です,名詞,一般,見込みです,FALSE,見込み各地,TRUE,421,1,1,見込み,1,各地,1
1552887963537010688,dmenu_tenki,2022-07-29 14:25:16,1552887963537010688,2022-07-29T05:25:16Z,"30日(土)は太平洋高気圧に覆われ、近畿から北海道にかけては晴れる所が多い見込みです。各地で厳しい暑さが続きます。
九州、四国、中国地方は台風5号の影響で曇りや雨となり、太平洋側では大雨のおそれがあります。
#天気 #天気予報
https://t.co/6n7ceWykmD https://t.co/F3zya1v15O",0,0,Photo1,http://pbs.twimg.com/media/FYz3XSzagAAO1cl.jpg,30日(土)は太平洋高気圧に覆われ、近畿から北海道にかけては晴れる所が多い見込みです。各地で厳しい暑さが続きます。　九州、四国、中国地方は台風5号の影響で曇りや雨となり、太平洋側では大雨のおそれがあります。　#天気　#天気予報　　,Row_011,各地,名詞,一般,*,*,*,*,各地,11,26,,,各地,各地,で,で,形容詞,自立,各地で,FALSE,各地厳しい,TRUE,424,1,1,各地,1,厳しい,1
1552887963537010688,dmenu_tenki,2022-07-29 14:25:16,1552887963537010688,2022-07-29T05:25:16Z,"30日(土)は太平洋高気圧に覆われ、近畿から北海道にかけては晴れる所が多い見込みです。各地で厳しい暑さが続きます。
九州、四国、中国地方は台風5号の影響で曇りや雨となり、太平洋側では大雨のおそれがあります。
#天気 #天気予報
https://t.co/6n7ceWykmD https://t.co/F3zya1v15O",0,0,Photo1,http://pbs.twimg.com/media/FYz3XSzagAAO1cl.jpg,30日(土)は太平洋高気圧に覆われ、近畿から北海道にかけては晴れる所が多い見込みです。各地で厳しい暑さが続きます。　九州、四国、中国地方は台風5号の影響で曇りや雨となり、太平洋側では大雨のおそれがあります。　#天気　#天気予報　　,Row_011,厳しい,形容詞,自立,*,*,形容詞・イ段,基本形,厳しい,11,28,,,厳しい,厳しい,暑さ,暑い,形容詞,自立,厳しい暑さ,FALSE,厳しい暑さ,TRUE,426,1,1,厳しい,1,暑さ,1
1552887963537010688,dmenu_tenki,2022-07-29 14:25:16,1552887963537010688,2022-07-29T05:25:16Z,"30日(土)は太平洋高気圧に覆われ、近畿から北海道にかけては晴れる所が多い見込みです。各地で厳しい暑さが続きます。
九州、四国、中国地方は台風5号の影響で曇りや雨となり、太平洋側では大雨のおそれがあります。
#天気 #天気予報
https://t.co/6n7ceWykmD https://t.co/F3zya1v15O",0,0,Photo1,http://pbs.twimg.com/media/FYz3XSzagAAO1cl.jpg,30日(土)は太平洋高気圧に覆われ、近畿から北海道にかけては晴れる所が多い見込みです。各地で厳しい暑さが続きます。　九州、四国、中国地方は台風5号の影響で曇りや雨となり、太平洋側では大雨のおそれがあります。　#天気　#天気予報　　,Row_011,暑,形容詞,自立,*,*,形容詞・アウオ段,ガル接続,暑い,11,29,,,暑,暑さ,が,が,名詞,固有名詞,暑さが,FALSE,暑さ九州,TRUE,427,1,1,暑さ,1,九州,5
1552887963537010688,dmenu_tenki,2022-07-29 14:25:16,1552887963537010688,2022-07-29T05:25:16Z,"30日(土)は太平洋高気圧に覆われ、近畿から北海道にかけては晴れる所が多い見込みです。各地で厳しい暑さが続きます。
九州、四国、中国地方は台風5号の影響で曇りや雨となり、太平洋側では大雨のおそれがあります。
#天気 #天気予報
https://t.co/6n7ceWykmD https://t.co/F3zya1v15O",0,0,Photo1,http://pbs.twimg.com/media/FYz3XSzagAAO1cl.jpg,30日(土)は太平洋高気圧に覆われ、近畿から北海道にかけては晴れる所が多い見込みです。各地で厳しい暑さが続きます。　九州、四国、中国地方は台風5号の影響で曇りや雨となり、太平洋側では大雨のおそれがあります。　#天気　#天気予報　　,Row_011,九州,名詞,固有名詞,地域,一般,*,*,九州,11,36,,,九州,九州,、,、,名詞,固有名詞,九州、,FALSE,九州四国,TRUE,432,1,5,九州,5,四国,4
1552887963537010688,dmenu_tenki,2022-07-29 14:25:16,1552887963537010688,2022-07-29T05:25:16Z,"30日(土)は太平洋高気圧に覆われ、近畿から北海道にかけては晴れる所が多い見込みです。各地で厳しい暑さが続きます。
九州、四国、中国地方は台風5号の影響で曇りや雨となり、太平洋側では大雨のおそれがあります。
#天気 #天気予報
https://t.co/6n7ceWykmD https://t.co/F3zya1v15O",0,0,Photo1,http://pbs.twimg.com/media/FYz3XSzagAAO1cl.jpg,30日(土)は太平洋高気圧に覆われ、近畿から北海道にかけては晴れる所が多い見込みです。各地で厳しい暑さが続きます。　九州、四国、中国地方は台風5号の影響で曇りや雨となり、太平洋側では大雨のおそれがあります。　#天気　#天気予報　　,Row_011,四国,名詞,固有名詞,地域,一般,*,*,四国,11,38,,,四国,四国,、,、,名詞,固有名詞,四国、,FALSE,四国中国,TRUE,434,1,4,四国,4,中国,1
1552887963537010688,dmenu_tenki,2022-07-29 14:25:16,1552887963537010688,2022-07-29T05:25:16Z,"30日(土)は太平洋高気圧に覆われ、近畿から北海道にかけては晴れる所が多い見込みです。各地で厳しい暑さが続きます。
九州、四国、中国地方は台風5号の影響で曇りや雨となり、太平洋側では大雨のおそれがあります。
#天気 #天気予報
https://t.co/6n7ceWykmD https://t.co/F3zya1v15O",0,0,Photo1,http://pbs.twimg.com/media/FYz3XSzagAAO1cl.jpg,30日(土)は太平洋高気圧に覆われ、近畿から北海道にかけては晴れる所が多い見込みです。各地で厳しい暑さが続きます。　九州、四国、中国地方は台風5号の影響で曇りや雨となり、太平洋側では大雨のおそれがあります。　#天気　#天気予報　　,Row_011,中国,名詞,固有名詞,地域,国,*,*,中国,11,40,,,中国,中国,地方,地方,名詞,一般,中国地方,FALSE,中国地方,TRUE,436,1,1,中国,1,地方,5
1552887963537010688,dmenu_tenki,2022-07-29 14:25:16,1552887963537010688,2022-07-29T05:25:16Z,"30日(土)は太平洋高気圧に覆われ、近畿から北海道にかけては晴れる所が多い見込みです。各地で厳しい暑さが続きます。
九州、四国、中国地方は台風5号の影響で曇りや雨となり、太平洋側では大雨のおそれがあります。
#天気 #天気予報
https://t.co/6n7ceWykmD https://t.co/F3zya1v15O",0,0,Photo1,http://pbs.twimg.com/media/FYz3XSzagAAO1cl.jpg,30日(土)は太平洋高気圧に覆われ、近畿から北海道にかけては晴れる所が多い見込みです。各地で厳しい暑さが続きます。　九州、四国、中国地方は台風5号の影響で曇りや雨となり、太平洋側では大雨のおそれがあります。　#天気　#天気予報　　,Row_011,地方,名詞,一般,*,*,*,*,地方,11,41,,,地方,地方,は,は,名詞,一般,地方は,FALSE,地方台風,TRUE,437,1,5,地方,5,台風,8
1552887963537010688,dmenu_tenki,2022-07-29 14:25:16,1552887963537010688,2022-07-29T05:25:16Z,"30日(土)は太平洋高気圧に覆われ、近畿から北海道にかけては晴れる所が多い見込みです。各地で厳しい暑さが続きます。
九州、四国、中国地方は台風5号の影響で曇りや雨となり、太平洋側では大雨のおそれがあります。
#天気 #天気予報
https://t.co/6n7ceWykmD https://t.co/F3zya1v15O",0,0,Photo1,http://pbs.twimg.com/media/FYz3XSzagAAO1cl.jpg,30日(土)は太平洋高気圧に覆われ、近畿から北海道にかけては晴れる所が多い見込みです。各地で厳しい暑さが続きます。　九州、四国、中国地方は台風5号の影響で曇りや雨となり、太平洋側では大雨のおそれがあります。　#天気　#天気予報　　,Row_011,台風,名詞,一般,*,*,*,*,台風,11,43,,,台風,台風,5号,5,名詞,数,台風5号,FALSE,台風5号,TRUE,439,1,8,台風,8,5号,6
1552887963537010688,dmenu_tenki,2022-07-29 14:25:16,1552887963537010688,2022-07-29T05:25:16Z,"30日(土)は太平洋高気圧に覆われ、近畿から北海道にかけては晴れる所が多い見込みです。各地で厳しい暑さが続きます。
九州、四国、中国地方は台風5号の影響で曇りや雨となり、太平洋側では大雨のおそれがあります。
#天気 #天気予報
https://t.co/6n7ceWykmD https://t.co/F3zya1v15O",0,0,Photo1,http://pbs.twimg.com/media/FYz3XSzagAAO1cl.jpg,30日(土)は太平洋高気圧に覆われ、近畿から北海道にかけては晴れる所が多い見込みです。各地で厳しい暑さが続きます。　九州、四国、中国地方は台風5号の影響で曇りや雨となり、太平洋側では大雨のおそれがあります。　#天気　#天気予報　　,Row_011,5,名詞,数,*,*,*,*,5,11,44,,,5,5号,の,の,名詞,サ変接続,5号の,FALSE,5号影響,TRUE,440,1,6,5号,6,影響,1
1552887963537010688,dmenu_tenki,2022-07-29 14:25:16,1552887963537010688,2022-07-29T05:25:16Z,"30日(土)は太平洋高気圧に覆われ、近畿から北海道にかけては晴れる所が多い見込みです。各地で厳しい暑さが続きます。
九州、四国、中国地方は台風5号の影響で曇りや雨となり、太平洋側では大雨のおそれがあります。
#天気 #天気予報
https://t.co/6n7ceWykmD https://t.co/F3zya1v15O",0,0,Photo1,http://pbs.twimg.com/media/FYz3XSzagAAO1cl.jpg,30日(土)は太平洋高気圧に覆われ、近畿から北海道にかけては晴れる所が多い見込みです。各地で厳しい暑さが続きます。　九州、四国、中国地方は台風5号の影響で曇りや雨となり、太平洋側では大雨のおそれがあります。　#天気　#天気予報　　,Row_011,影響,名詞,サ変接続,*,*,*,*,影響,11,47,,,影響,影響,で,で,名詞,一般,影響で,FALSE,影響雨,TRUE,442,1,1,影響,1,雨,1
1552887963537010688,dmenu_tenki,2022-07-29 14:25:16,1552887963537010688,2022-07-29T05:25:16Z,"30日(土)は太平洋高気圧に覆われ、近畿から北海道にかけては晴れる所が多い見込みです。各地で厳しい暑さが続きます。
九州、四国、中国地方は台風5号の影響で曇りや雨となり、太平洋側では大雨のおそれがあります。
#天気 #天気予報
https://t.co/6n7ceWykmD https://t.co/F3zya1v15O",0,0,Photo1,http://pbs.twimg.com/media/FYz3XSzagAAO1cl.jpg,30日(土)は太平洋高気圧に覆われ、近畿から北海道にかけては晴れる所が多い見込みです。各地で厳しい暑さが続きます。　九州、四国、中国地方は台風5号の影響で曇りや雨となり、太平洋側では大雨のおそれがあります。　#天気　#天気予報　　,Row_011,雨,名詞,一般,*,*,*,*,雨,11,51,,,雨,雨,と,と,名詞,固有名詞,雨と,FALSE,雨太平洋側,TRUE,445,1,1,雨,1,太平洋側,1
1552887963537010688,dmenu_tenki,2022-07-29 14:25:16,1552887963537010688,2022-07-29T05:25:16Z,"30日(土)は太平洋高気圧に覆われ、近畿から北海道にかけては晴れる所が多い見込みです。各地で厳しい暑さが続きます。
九州、四国、中国地方は台風5号の影響で曇りや雨となり、太平洋側では大雨のおそれがあります。
#天気 #天気予報
https://t.co/6n7ceWykmD https://t.co/F3zya1v15O",0,0,Photo1,http://pbs.twimg.com/media/FYz3XSzagAAO1cl.jpg,30日(土)は太平洋高気圧に覆われ、近畿から北海道にかけては晴れる所が多い見込みです。各地で厳しい暑さが続きます。　九州、四国、中国地方は台風5号の影響で曇りや雨となり、太平洋側では大雨のおそれがあります。　#天気　#天気予報　　,Row_011,太平洋,名詞,固有名詞,地域,一般,*,*,太平洋,11,55,,,太平洋,太平洋側,で,で,名詞,一般,太平洋側で,FALSE,太平洋側大雨,TRUE,449,1,1,太平洋側,1,大雨,13
1552887963537010688,dmenu_tenki,2022-07-29 14:25:16,1552887963537010688,2022-07-29T05:25:16Z,"30日(土)は太平洋高気圧に覆われ、近畿から北海道にかけては晴れる所が多い見込みです。各地で厳しい暑さが続きます。
九州、四国、中国地方は台風5号の影響で曇りや雨となり、太平洋側では大雨のおそれがあります。
#天気 #天気予報
https://t.co/6n7ceWykmD https://t.co/F3zya1v15O",0,0,Photo1,http://pbs.twimg.com/media/FYz3XSzagAAO1cl.jpg,30日(土)は太平洋高気圧に覆われ、近畿から北海道にかけては晴れる所が多い見込みです。各地で厳しい暑さが続きます。　九州、四国、中国地方は台風5号の影響で曇りや雨となり、太平洋側では大雨のおそれがあります。　#天気　#天気予報　　,Row_011,大雨,名詞,一般,*,*,*,*,大雨,11,59,,,大雨,大雨,の,の,名詞,代名詞,大雨の,FALSE,大雨おそれ,TRUE,452,1,13,大雨,13,おそれ,1
1552887963537010688,dmenu_tenki,2022-07-29 14:25:16,1552887963537010688,2022-07-29T05:25:16Z,"30日(土)は太平洋高気圧に覆われ、近畿から北海道にかけては晴れる所が多い見込みです。各地で厳しい暑さが続きます。
九州、四国、中国地方は台風5号の影響で曇りや雨となり、太平洋側では大雨のおそれがあります。
#天気 #天気予報
https://t.co/6n7ceWykmD https://t.co/F3zya1v15O",0,0,Photo1,http://pbs.twimg.com/media/FYz3XSzagAAO1cl.jpg,30日(土)は太平洋高気圧に覆われ、近畿から北海道にかけては晴れる所が多い見込みです。各地で厳しい暑さが続きます。　九州、四国、中国地方は台風5号の影響で曇りや雨となり、太平洋側では大雨のおそれがあります。　#天気　#天気予報　　,Row_011,お,名詞,代名詞,*,*,*,*,お,11,61,,,お,おそれ,が,が,名詞,一般,おそれが,FALSE,おそれ天気,TRUE,454,1,1,おそれ,1,天気,2
1552887963537010688,dmenu_tenki,2022-07-29 14:25:16,1552887963537010688,2022-07-29T05:25:16Z,"30日(土)は太平洋高気圧に覆われ、近畿から北海道にかけては晴れる所が多い見込みです。各地で厳しい暑さが続きます。
九州、四国、中国地方は台風5号の影響で曇りや雨となり、太平洋側では大雨のおそれがあります。
#天気 #天気予報
https://t.co/6n7ceWykmD https://t.co/F3zya1v15O",0,0,Photo1,http://pbs.twimg.com/media/FYz3XSzagAAO1cl.jpg,30日(土)は太平洋高気圧に覆われ、近畿から北海道にかけては晴れる所が多い見込みです。各地で厳しい暑さが続きます。　九州、四国、中国地方は台風5号の影響で曇りや雨となり、太平洋側では大雨のおそれがあります。　#天気　#天気予報　　,Row_011,天気,名詞,一般,*,*,*,*,天気,11,69,,,天気,天気,　,　,名詞,一般,天気　,TRUE,天気天気予報,TRUE,460,1,2,天気,2,天気予報,1
1552887963537010688,dmenu_tenki,2022-07-29 14:25:16,1552887963537010688,2022-07-29T05:25:16Z,"30日(土)は太平洋高気圧に覆われ、近畿から北海道にかけては晴れる所が多い見込みです。各地で厳しい暑さが続きます。
九州、四国、中国地方は台風5号の影響で曇りや雨となり、太平洋側では大雨のおそれがあります。
#天気 #天気予報
https://t.co/6n7ceWykmD https://t.co/F3zya1v15O",0,0,Photo1,http://pbs.twimg.com/media/FYz3XSzagAAO1cl.jpg,30日(土)は太平洋高気圧に覆われ、近畿から北海道にかけては晴れる所が多い見込みです。各地で厳しい暑さが続きます。　九州、四国、中国地方は台風5号の影響で曇りや雨となり、太平洋側では大雨のおそれがあります。　#天気　#天気予報　　,Row_011,天気,名詞,一般,*,*,*,*,天気,11,72,,,天気,天気予報,　,　,,,天気予報　,TRUE,天気予報NA,TRUE,463,1,1,天気予報,1,,
1552887996554563584,Maseiju,2022-07-29 14:25:24,1552867356879507456,2022-07-29T04:03:23Z,"☁️大きくなってきました☁️☁️
局地的な大雨☔️に注意しましょう⚠️
 #空ネット
 #イマソラ
 #積乱雲
 #夕立
 #矢吹町
 #シェア天
 #福の空
  #cloud
 #rain https://t.co/eI4hRIhYr1",0,2,Photo1,http://pbs.twimg.com/media/FYzkoIhaQAAi5L2.jpg,☁️大きくなってきました☁️☁️　局地的な大雨☔️に注意しましょう⚠️　　#空ネット　　#イマソラ　　#積乱雲　　#夕立　　#矢吹町　　#シェア天　　#福の空　　　#cloud　　#rain　,Row_012,大きく,形容詞,自立,*,*,形容詞・イ段,連用テ接続,大きい,12,4,,,大きく,大きく,なってきました,なる,名詞,一般,大きくなってきました,FALSE,大きく局地的,TRUE,470,1,2,大きく,2,局地的,2
1552887996554563584,Maseiju,2022-07-29 14:25:24,1552867356879507456,2022-07-29T04:03:23Z,"☁️大きくなってきました☁️☁️
局地的な大雨☔️に注意しましょう⚠️
 #空ネット
 #イマソラ
 #積乱雲
 #夕立
 #矢吹町
 #シェア天
 #福の空
  #cloud
 #rain https://t.co/eI4hRIhYr1",0,2,Photo1,http://pbs.twimg.com/media/FYzkoIhaQAAi5L2.jpg,☁️大きくなってきました☁️☁️　局地的な大雨☔️に注意しましょう⚠️　　#空ネット　　#イマソラ　　#積乱雲　　#夕立　　#矢吹町　　#シェア天　　#福の空　　　#cloud　　#rain　,Row_012,局地,名詞,一般,*,*,*,*,局地,12,15,,,局地,局地的,な,だ,名詞,一般,局地的な,FALSE,局地的大雨,TRUE,477,1,2,局地的,2,大雨,13
1552887996554563584,Maseiju,2022-07-29 14:25:24,1552867356879507456,2022-07-29T04:03:23Z,"☁️大きくなってきました☁️☁️
局地的な大雨☔️に注意しましょう⚠️
 #空ネット
 #イマソラ
 #積乱雲
 #夕立
 #矢吹町
 #シェア天
 #福の空
  #cloud
 #rain https://t.co/eI4hRIhYr1",0,2,Photo1,http://pbs.twimg.com/media/FYzkoIhaQAAi5L2.jpg,☁️大きくなってきました☁️☁️　局地的な大雨☔️に注意しましょう⚠️　　#空ネット　　#イマソラ　　#積乱雲　　#夕立　　#矢吹町　　#シェア天　　#福の空　　　#cloud　　#rain　,Row_012,大雨,名詞,一般,*,*,*,*,大雨,12,18,,,大雨,大雨,,<U+2614>,名詞,サ変接続,大雨NA,FALSE,大雨注意,TRUE,479,1,13,大雨,13,注意,3
1552887996554563584,Maseiju,2022-07-29 14:25:24,1552867356879507456,2022-07-29T04:03:23Z,"☁️大きくなってきました☁️☁️
局地的な大雨☔️に注意しましょう⚠️
 #空ネット
 #イマソラ
 #積乱雲
 #夕立
 #矢吹町
 #シェア天
 #福の空
  #cloud
 #rain https://t.co/eI4hRIhYr1",0,2,Photo1,http://pbs.twimg.com/media/FYzkoIhaQAAi5L2.jpg,☁️大きくなってきました☁️☁️　局地的な大雨☔️に注意しましょう⚠️　　#空ネット　　#イマソラ　　#積乱雲　　#夕立　　#矢吹町　　#シェア天　　#福の空　　　#cloud　　#rain　,Row_012,注意,名詞,サ変接続,*,*,*,*,注意,12,22,,,注意,注意,しましょう,する,名詞,一般,注意しましょう,FALSE,注意空ネット,TRUE,483,1,3,注意,3,空ネット,2
1552887996554563584,Maseiju,2022-07-29 14:25:24,1552867356879507456,2022-07-29T04:03:23Z,"☁️大きくなってきました☁️☁️
局地的な大雨☔️に注意しましょう⚠️
 #空ネット
 #イマソラ
 #積乱雲
 #夕立
 #矢吹町
 #シェア天
 #福の空
  #cloud
 #rain https://t.co/eI4hRIhYr1",0,2,Photo1,http://pbs.twimg.com/media/FYzkoIhaQAAi5L2.jpg,☁️大きくなってきました☁️☁️　局地的な大雨☔️に注意しましょう⚠️　　#空ネット　　#イマソラ　　#積乱雲　　#夕立　　#矢吹町　　#シェア天　　#福の空　　　#cloud　　#rain　,Row_012,空,名詞,一般,*,*,*,*,空,12,31,,,空,空ネット,　,　,名詞,固有名詞,空ネット　,TRUE,空ネットイマソラ,TRUE,490,1,2,空ネット,2,イマソラ,2
1552887996554563584,Maseiju,2022-07-29 14:25:24,1552867356879507456,2022-07-29T04:03:23Z,"☁️大きくなってきました☁️☁️
局地的な大雨☔️に注意しましょう⚠️
 #空ネット
 #イマソラ
 #積乱雲
 #夕立
 #矢吹町
 #シェア天
 #福の空
  #cloud
 #rain https://t.co/eI4hRIhYr1",0,2,Photo1,http://pbs.twimg.com/media/FYzkoIhaQAAi5L2.jpg,☁️大きくなってきました☁️☁️　局地的な大雨☔️に注意しましょう⚠️　　#空ネット　　#イマソラ　　#積乱雲　　#夕立　　#矢吹町　　#シェア天　　#福の空　　　#cloud　　#rain　,Row_012,イマソラ,名詞,固有名詞,組織,*,*,*,イマソラ,12,36,,,イマソラ,イマソラ,　,　,名詞,一般,イマソラ　,TRUE,イマソラ積乱雲,TRUE,494,1,2,イマソラ,2,積乱雲,2
1552887996554563584,Maseiju,2022-07-29 14:25:24,1552867356879507456,2022-07-29T04:03:23Z,"☁️大きくなってきました☁️☁️
局地的な大雨☔️に注意しましょう⚠️
 #空ネット
 #イマソラ
 #積乱雲
 #夕立
 #矢吹町
 #シェア天
 #福の空
  #cloud
 #rain https://t.co/eI4hRIhYr1",0,2,Photo1,http://pbs.twimg.com/media/FYzkoIhaQAAi5L2.jpg,☁️大きくなってきました☁️☁️　局地的な大雨☔️に注意しましょう⚠️　　#空ネット　　#イマソラ　　#積乱雲　　#夕立　　#矢吹町　　#シェア天　　#福の空　　　#cloud　　#rain　,Row_012,積乱雲,名詞,一般,*,*,*,*,積乱雲,12,40,,,積乱雲,積乱雲,　,　,名詞,一般,積乱雲　,TRUE,積乱雲夕立,TRUE,498,1,2,積乱雲,2,夕立,2
1552887996554563584,Maseiju,2022-07-29 14:25:24,1552867356879507456,2022-07-29T04:03:23Z,"☁️大きくなってきました☁️☁️
局地的な大雨☔️に注意しましょう⚠️
 #空ネット
 #イマソラ
 #積乱雲
 #夕立
 #矢吹町
 #シェア天
 #福の空
  #cloud
 #rain https://t.co/eI4hRIhYr1",0,2,Photo1,http://pbs.twimg.com/media/FYzkoIhaQAAi5L2.jpg,☁️大きくなってきました☁️☁️　局地的な大雨☔️に注意しましょう⚠️　　#空ネット　　#イマソラ　　#積乱雲　　#夕立　　#矢吹町　　#シェア天　　#福の空　　　#cloud　　#rain　,Row_012,夕立,名詞,一般,*,*,*,*,夕立,12,44,,,夕立,夕立,　,　,名詞,固有名詞,夕立　,TRUE,夕立矢吹町,TRUE,502,1,2,夕立,2,矢吹町,2
1552887996554563584,Maseiju,2022-07-29 14:25:24,1552867356879507456,2022-07-29T04:03:23Z,"☁️大きくなってきました☁️☁️
局地的な大雨☔️に注意しましょう⚠️
 #空ネット
 #イマソラ
 #積乱雲
 #夕立
 #矢吹町
 #シェア天
 #福の空
  #cloud
 #rain https://t.co/eI4hRIhYr1",0,2,Photo1,http://pbs.twimg.com/media/FYzkoIhaQAAi5L2.jpg,☁️大きくなってきました☁️☁️　局地的な大雨☔️に注意しましょう⚠️　　#空ネット　　#イマソラ　　#積乱雲　　#夕立　　#矢吹町　　#シェア天　　#福の空　　　#cloud　　#rain　,Row_012,矢吹,名詞,固有名詞,地域,一般,*,*,矢吹,12,48,,,矢吹,矢吹町,　,　,名詞,一般,矢吹町　,TRUE,矢吹町シェア天,TRUE,506,1,2,矢吹町,2,シェア天,2
1552887996554563584,Maseiju,2022-07-29 14:25:24,1552867356879507456,2022-07-29T04:03:23Z,"☁️大きくなってきました☁️☁️
局地的な大雨☔️に注意しましょう⚠️
 #空ネット
 #イマソラ
 #積乱雲
 #夕立
 #矢吹町
 #シェア天
 #福の空
  #cloud
 #rain https://t.co/eI4hRIhYr1",0,2,Photo1,http://pbs.twimg.com/media/FYzkoIhaQAAi5L2.jpg,☁️大きくなってきました☁️☁️　局地的な大雨☔️に注意しましょう⚠️　　#空ネット　　#イマソラ　　#積乱雲　　#夕立　　#矢吹町　　#シェア天　　#福の空　　　#cloud　　#rain　,Row_012,シェア,名詞,一般,*,*,*,*,シェア,12,53,,,シェア,シェア天,　,　,名詞,一般,シェア天　,TRUE,シェア天福の空,TRUE,510,1,2,シェア天,2,福の空,2
1552887996554563584,Maseiju,2022-07-29 14:25:24,1552867356879507456,2022-07-29T04:03:23Z,"☁️大きくなってきました☁️☁️
局地的な大雨☔️に注意しましょう⚠️
 #空ネット
 #イマソラ
 #積乱雲
 #夕立
 #矢吹町
 #シェア天
 #福の空
  #cloud
 #rain https://t.co/eI4hRIhYr1",0,2,Photo1,http://pbs.twimg.com/media/FYzkoIhaQAAi5L2.jpg,☁️大きくなってきました☁️☁️　局地的な大雨☔️に注意しましょう⚠️　　#空ネット　　#イマソラ　　#積乱雲　　#夕立　　#矢吹町　　#シェア天　　#福の空　　　#cloud　　#rain　,Row_012,福,名詞,一般,*,*,*,*,福,12,58,,,福,福の空,　,　,名詞,固有名詞,福の空　,TRUE,福の空cloud,TRUE,514,1,2,福の空,2,cloud,2
1552887996554563584,Maseiju,2022-07-29 14:25:24,1552867356879507456,2022-07-29T04:03:23Z,"☁️大きくなってきました☁️☁️
局地的な大雨☔️に注意しましょう⚠️
 #空ネット
 #イマソラ
 #積乱雲
 #夕立
 #矢吹町
 #シェア天
 #福の空
  #cloud
 #rain https://t.co/eI4hRIhYr1",0,2,Photo1,http://pbs.twimg.com/media/FYzkoIhaQAAi5L2.jpg,☁️大きくなってきました☁️☁️　局地的な大雨☔️に注意しましょう⚠️　　#空ネット　　#イマソラ　　#積乱雲　　#夕立　　#矢吹町　　#シェア天　　#福の空　　　#cloud　　#rain　,Row_012,cloud,名詞,固有名詞,組織,*,*,*,cloud,12,65,,,cloud,cloud,　,　,名詞,固有名詞,cloud　,TRUE,cloudrain,TRUE,519,1,2,cloud,2,rain,2
1552887996554563584,Maseiju,2022-07-29 14:25:24,1552867356879507456,2022-07-29T04:03:23Z,"☁️大きくなってきました☁️☁️
局地的な大雨☔️に注意しましょう⚠️
 #空ネット
 #イマソラ
 #積乱雲
 #夕立
 #矢吹町
 #シェア天
 #福の空
  #cloud
 #rain https://t.co/eI4hRIhYr1",0,2,Photo1,http://pbs.twimg.com/media/FYzkoIhaQAAi5L2.jpg,☁️大きくなってきました☁️☁️　局地的な大雨☔️に注意しましょう⚠️　　#空ネット　　#イマソラ　　#積乱雲　　#夕立　　#矢吹町　　#シェア天　　#福の空　　　#cloud　　#rain　,Row_012,rain,名詞,固有名詞,組織,*,*,*,rain,12,69,,,rain,rain,　,　,,,rain　,TRUE,rainNA,TRUE,523,1,2,rain,2,,
1552888809733246976,nirokusoba,2022-07-29 14:28:38,1552534645857722369,2022-07-28T06:01:18Z,"そして個人的に気になってるのは、今夜にかけて前線（≒地上の収束帯）が少し南下する予想の中、関東の大雨も南に下がってくるかどうか。
南関東の人も今日は天気の急変にご注意を。 https://t.co/wuHG4Uj6X2",0,8,Photo1,http://pbs.twimg.com/media/FYu2BHKaQAA9DST.jpg,そして個人的に気になってるのは、今夜にかけて前線(≒地上の収束帯)が少し南下する予想の中、関東の大雨も南に下がってくるかどうか。　南関東の人も今日は天気の急変にご注意を。　,Row_013,個人,名詞,一般,*,*,*,*,個人,13,3,,,個人,個人的,に,に,名詞,一般,個人的に,FALSE,個人的気に,TRUE,528,1,1,個人的,1,気に,1
1552888809733246976,nirokusoba,2022-07-29 14:28:38,1552534645857722369,2022-07-28T06:01:18Z,"そして個人的に気になってるのは、今夜にかけて前線（≒地上の収束帯）が少し南下する予想の中、関東の大雨も南に下がってくるかどうか。
南関東の人も今日は天気の急変にご注意を。 https://t.co/wuHG4Uj6X2",0,8,Photo1,http://pbs.twimg.com/media/FYu2BHKaQAA9DST.jpg,そして個人的に気になってるのは、今夜にかけて前線(≒地上の収束帯)が少し南下する予想の中、関東の大雨も南に下がってくるかどうか。　南関東の人も今日は天気の急変にご注意を。　,Row_013,気,名詞,一般,*,*,*,*,気,13,6,,,気,気に,なってる,なる,名詞,副詞可能,気になってる,FALSE,気に今夜,TRUE,530,1,1,気に,1,今夜,4
1552888809733246976,nirokusoba,2022-07-29 14:28:38,1552534645857722369,2022-07-28T06:01:18Z,"そして個人的に気になってるのは、今夜にかけて前線（≒地上の収束帯）が少し南下する予想の中、関東の大雨も南に下がってくるかどうか。
南関東の人も今日は天気の急変にご注意を。 https://t.co/wuHG4Uj6X2",0,8,Photo1,http://pbs.twimg.com/media/FYu2BHKaQAA9DST.jpg,そして個人的に気になってるのは、今夜にかけて前線(≒地上の収束帯)が少し南下する予想の中、関東の大雨も南に下がってくるかどうか。　南関東の人も今日は天気の急変にご注意を。　,Row_013,今夜,名詞,副詞可能,*,*,*,*,今夜,13,13,,,今夜,今夜,にかけて,にかけて,名詞,一般,今夜にかけて,FALSE,今夜前線,TRUE,535,1,4,今夜,4,前線,1
1552888809733246976,nirokusoba,2022-07-29 14:28:38,1552534645857722369,2022-07-28T06:01:18Z,"そして個人的に気になってるのは、今夜にかけて前線（≒地上の収束帯）が少し南下する予想の中、関東の大雨も南に下がってくるかどうか。
南関東の人も今日は天気の急変にご注意を。 https://t.co/wuHG4Uj6X2",0,8,Photo1,http://pbs.twimg.com/media/FYu2BHKaQAA9DST.jpg,そして個人的に気になってるのは、今夜にかけて前線(≒地上の収束帯)が少し南下する予想の中、関東の大雨も南に下がってくるかどうか。　南関東の人も今日は天気の急変にご注意を。　,Row_013,前線,名詞,一般,*,*,*,*,前線,13,15,,,前線,前線,(,(,名詞,サ変接続,前線(,FALSE,前線≒,TRUE,537,1,1,前線,1,≒,1
1552888809733246976,nirokusoba,2022-07-29 14:28:38,1552534645857722369,2022-07-28T06:01:18Z,"そして個人的に気になってるのは、今夜にかけて前線（≒地上の収束帯）が少し南下する予想の中、関東の大雨も南に下がってくるかどうか。
南関東の人も今日は天気の急変にご注意を。 https://t.co/wuHG4Uj6X2",0,8,Photo1,http://pbs.twimg.com/media/FYu2BHKaQAA9DST.jpg,そして個人的に気になってるのは、今夜にかけて前線(≒地上の収束帯)が少し南下する予想の中、関東の大雨も南に下がってくるかどうか。　南関東の人も今日は天気の急変にご注意を。　,Row_013,≒,名詞,サ変接続,*,*,*,*,≒,13,17,,,≒,≒,地上,地上,名詞,一般,≒地上,FALSE,≒地上,TRUE,539,1,1,≒,1,地上,1
1552888809733246976,nirokusoba,2022-07-29 14:28:38,1552534645857722369,2022-07-28T06:01:18Z,"そして個人的に気になってるのは、今夜にかけて前線（≒地上の収束帯）が少し南下する予想の中、関東の大雨も南に下がってくるかどうか。
南関東の人も今日は天気の急変にご注意を。 https://t.co/wuHG4Uj6X2",0,8,Photo1,http://pbs.twimg.com/media/FYu2BHKaQAA9DST.jpg,そして個人的に気になってるのは、今夜にかけて前線(≒地上の収束帯)が少し南下する予想の中、関東の大雨も南に下がってくるかどうか。　南関東の人も今日は天気の急変にご注意を。　,Row_013,地上,名詞,一般,*,*,*,*,地上,13,18,,,地上,地上,の,の,名詞,サ変接続,地上の,FALSE,地上収束帯,TRUE,540,1,1,地上,1,収束帯,1
1552888809733246976,nirokusoba,2022-07-29 14:28:38,1552534645857722369,2022-07-28T06:01:18Z,"そして個人的に気になってるのは、今夜にかけて前線（≒地上の収束帯）が少し南下する予想の中、関東の大雨も南に下がってくるかどうか。
南関東の人も今日は天気の急変にご注意を。 https://t.co/wuHG4Uj6X2",0,8,Photo1,http://pbs.twimg.com/media/FYu2BHKaQAA9DST.jpg,そして個人的に気になってるのは、今夜にかけて前線(≒地上の収束帯)が少し南下する予想の中、関東の大雨も南に下がってくるかどうか。　南関東の人も今日は天気の急変にご注意を。　,Row_013,収束,名詞,サ変接続,*,*,*,*,収束,13,20,,,収束,収束帯,),),名詞,サ変接続,収束帯),FALSE,収束帯南下,TRUE,542,1,1,収束帯,1,南下,1
1552888809733246976,nirokusoba,2022-07-29 14:28:38,1552534645857722369,2022-07-28T06:01:18Z,"そして個人的に気になってるのは、今夜にかけて前線（≒地上の収束帯）が少し南下する予想の中、関東の大雨も南に下がってくるかどうか。
南関東の人も今日は天気の急変にご注意を。 https://t.co/wuHG4Uj6X2",0,8,Photo1,http://pbs.twimg.com/media/FYu2BHKaQAA9DST.jpg,そして個人的に気になってるのは、今夜にかけて前線(≒地上の収束帯)が少し南下する予想の中、関東の大雨も南に下がってくるかどうか。　南関東の人も今日は天気の急変にご注意を。　,Row_013,南下,名詞,サ変接続,*,*,*,*,南下,13,25,,,南下,南下,する,する,名詞,サ変接続,南下する,FALSE,南下予想,TRUE,546,1,1,南下,1,予想,2
1552888809733246976,nirokusoba,2022-07-29 14:28:38,1552534645857722369,2022-07-28T06:01:18Z,"そして個人的に気になってるのは、今夜にかけて前線（≒地上の収束帯）が少し南下する予想の中、関東の大雨も南に下がってくるかどうか。
南関東の人も今日は天気の急変にご注意を。 https://t.co/wuHG4Uj6X2",0,8,Photo1,http://pbs.twimg.com/media/FYu2BHKaQAA9DST.jpg,そして個人的に気になってるのは、今夜にかけて前線(≒地上の収束帯)が少し南下する予想の中、関東の大雨も南に下がってくるかどうか。　南関東の人も今日は天気の急変にご注意を。　,Row_013,予想,名詞,サ変接続,*,*,*,*,予想,13,27,,,予想,予想,の,の,名詞,固有名詞,予想の,FALSE,予想関東,TRUE,548,1,2,予想,2,関東,1
1552888809733246976,nirokusoba,2022-07-29 14:28:38,1552534645857722369,2022-07-28T06:01:18Z,"そして個人的に気になってるのは、今夜にかけて前線（≒地上の収束帯）が少し南下する予想の中、関東の大雨も南に下がってくるかどうか。
南関東の人も今日は天気の急変にご注意を。 https://t.co/wuHG4Uj6X2",0,8,Photo1,http://pbs.twimg.com/media/FYu2BHKaQAA9DST.jpg,そして個人的に気になってるのは、今夜にかけて前線(≒地上の収束帯)が少し南下する予想の中、関東の大雨も南に下がってくるかどうか。　南関東の人も今日は天気の急変にご注意を。　,Row_013,関東,名詞,固有名詞,地域,一般,*,*,関東,13,31,,,関東,関東,の,の,名詞,一般,関東の,FALSE,関東大雨,TRUE,552,1,1,関東,1,大雨,13
1552888809733246976,nirokusoba,2022-07-29 14:28:38,1552534645857722369,2022-07-28T06:01:18Z,"そして個人的に気になってるのは、今夜にかけて前線（≒地上の収束帯）が少し南下する予想の中、関東の大雨も南に下がってくるかどうか。
南関東の人も今日は天気の急変にご注意を。 https://t.co/wuHG4Uj6X2",0,8,Photo1,http://pbs.twimg.com/media/FYu2BHKaQAA9DST.jpg,そして個人的に気になってるのは、今夜にかけて前線(≒地上の収束帯)が少し南下する予想の中、関東の大雨も南に下がってくるかどうか。　南関東の人も今日は天気の急変にご注意を。　,Row_013,大雨,名詞,一般,*,*,*,*,大雨,13,33,,,大雨,大雨,も,も,名詞,一般,大雨も,FALSE,大雨南,TRUE,554,1,13,大雨,13,南,1
1552888809733246976,nirokusoba,2022-07-29 14:28:38,1552534645857722369,2022-07-28T06:01:18Z,"そして個人的に気になってるのは、今夜にかけて前線（≒地上の収束帯）が少し南下する予想の中、関東の大雨も南に下がってくるかどうか。
南関東の人も今日は天気の急変にご注意を。 https://t.co/wuHG4Uj6X2",0,8,Photo1,http://pbs.twimg.com/media/FYu2BHKaQAA9DST.jpg,そして個人的に気になってるのは、今夜にかけて前線(≒地上の収束帯)が少し南下する予想の中、関東の大雨も南に下がってくるかどうか。　南関東の人も今日は天気の急変にご注意を。　,Row_013,南,名詞,一般,*,*,*,*,南,13,35,,,南,南,に,に,名詞,固有名詞,南に,FALSE,南南関東,TRUE,556,1,1,南,1,南関東,1
1552888809733246976,nirokusoba,2022-07-29 14:28:38,1552534645857722369,2022-07-28T06:01:18Z,"そして個人的に気になってるのは、今夜にかけて前線（≒地上の収束帯）が少し南下する予想の中、関東の大雨も南に下がってくるかどうか。
南関東の人も今日は天気の急変にご注意を。 https://t.co/wuHG4Uj6X2",0,8,Photo1,http://pbs.twimg.com/media/FYu2BHKaQAA9DST.jpg,そして個人的に気になってるのは、今夜にかけて前線(≒地上の収束帯)が少し南下する予想の中、関東の大雨も南に下がってくるかどうか。　南関東の人も今日は天気の急変にご注意を。　,Row_013,南関東,名詞,固有名詞,地域,一般,*,*,南関東,13,45,,,南関東,南関東,の,の,名詞,一般,南関東の,FALSE,南関東人,TRUE,563,1,1,南関東,1,人,1
1552888809733246976,nirokusoba,2022-07-29 14:28:38,1552534645857722369,2022-07-28T06:01:18Z,"そして個人的に気になってるのは、今夜にかけて前線（≒地上の収束帯）が少し南下する予想の中、関東の大雨も南に下がってくるかどうか。
南関東の人も今日は天気の急変にご注意を。 https://t.co/wuHG4Uj6X2",0,8,Photo1,http://pbs.twimg.com/media/FYu2BHKaQAA9DST.jpg,そして個人的に気になってるのは、今夜にかけて前線(≒地上の収束帯)が少し南下する予想の中、関東の大雨も南に下がってくるかどうか。　南関東の人も今日は天気の急変にご注意を。　,Row_013,人,名詞,一般,*,*,*,*,人,13,47,,,人,人,も,も,名詞,副詞可能,人も,FALSE,人今日,TRUE,565,1,1,人,1,今日,1
1552888809733246976,nirokusoba,2022-07-29 14:28:38,1552534645857722369,2022-07-28T06:01:18Z,"そして個人的に気になってるのは、今夜にかけて前線（≒地上の収束帯）が少し南下する予想の中、関東の大雨も南に下がってくるかどうか。
南関東の人も今日は天気の急変にご注意を。 https://t.co/wuHG4Uj6X2",0,8,Photo1,http://pbs.twimg.com/media/FYu2BHKaQAA9DST.jpg,そして個人的に気になってるのは、今夜にかけて前線(≒地上の収束帯)が少し南下する予想の中、関東の大雨も南に下がってくるかどうか。　南関東の人も今日は天気の急変にご注意を。　,Row_013,今日,名詞,副詞可能,*,*,*,*,今日,13,49,,,今日,今日,は,は,名詞,一般,今日は,FALSE,今日天気,TRUE,567,1,1,今日,1,天気,2
1552888809733246976,nirokusoba,2022-07-29 14:28:38,1552534645857722369,2022-07-28T06:01:18Z,"そして個人的に気になってるのは、今夜にかけて前線（≒地上の収束帯）が少し南下する予想の中、関東の大雨も南に下がってくるかどうか。
南関東の人も今日は天気の急変にご注意を。 https://t.co/wuHG4Uj6X2",0,8,Photo1,http://pbs.twimg.com/media/FYu2BHKaQAA9DST.jpg,そして個人的に気になってるのは、今夜にかけて前線(≒地上の収束帯)が少し南下する予想の中、関東の大雨も南に下がってくるかどうか。　南関東の人も今日は天気の急変にご注意を。　,Row_013,天気,名詞,一般,*,*,*,*,天気,13,51,,,天気,天気,の,の,名詞,サ変接続,天気の,FALSE,天気急変,TRUE,569,1,2,天気,2,急変,1
1552888809733246976,nirokusoba,2022-07-29 14:28:38,1552534645857722369,2022-07-28T06:01:18Z,"そして個人的に気になってるのは、今夜にかけて前線（≒地上の収束帯）が少し南下する予想の中、関東の大雨も南に下がってくるかどうか。
南関東の人も今日は天気の急変にご注意を。 https://t.co/wuHG4Uj6X2",0,8,Photo1,http://pbs.twimg.com/media/FYu2BHKaQAA9DST.jpg,そして個人的に気になってるのは、今夜にかけて前線(≒地上の収束帯)が少し南下する予想の中、関東の大雨も南に下がってくるかどうか。　南関東の人も今日は天気の急変にご注意を。　,Row_013,急変,名詞,サ変接続,*,*,*,*,急変,13,53,,,急変,急変,に,に,名詞,サ変接続,急変に,FALSE,急変ご注意,TRUE,571,1,1,急変,1,ご注意,2
1552888809733246976,nirokusoba,2022-07-29 14:28:38,1552534645857722369,2022-07-28T06:01:18Z,"そして個人的に気になってるのは、今夜にかけて前線（≒地上の収束帯）が少し南下する予想の中、関東の大雨も南に下がってくるかどうか。
南関東の人も今日は天気の急変にご注意を。 https://t.co/wuHG4Uj6X2",0,8,Photo1,http://pbs.twimg.com/media/FYu2BHKaQAA9DST.jpg,そして個人的に気になってるのは、今夜にかけて前線(≒地上の収束帯)が少し南下する予想の中、関東の大雨も南に下がってくるかどうか。　南関東の人も今日は天気の急変にご注意を。　,Row_013,ご,名詞,サ変接続,*,*,*,*,ご,13,55,,,ご,ご注意,を,を,,,ご注意を,FALSE,ご注意NA,TRUE,573,1,2,ご注意,2,,
